creator,product_id,data,gmv,comissao,unidades,pedidos,unid_devolvidas
.familiapimentel,1731763836201109087,2026-06-03,89.9,7.19,1,1,0
.familiapimentel,1731763836201109087,2026-06-07,449.5,0.0,5,4,0
.familiapimentel,1731763836201109087,2026-06-08,269.7,14.38,3,3,0
.familiapimentel,1731763836201109087,2026-06-09,179.8,0.0,2,2,0
.familiapimentel,1731763836201109087,2026-06-10,449.5,7.19,5,5,0
.familiapimentel,1731763836201109087,2026-06-11,539.4,7.19,6,6,2
.familiapimentel,1731763836201109087,2026-06-12,719.2,14.38,8,8,0
.familiapimentel,1731763836201109087,2026-06-13,429.69,0.0,4,3,0
.familiapimentel,1731763836201109087,2026-06-15,289.7,15.98,3,3,0
.familiapimentel,1731763836201109087,2026-06-16,359.79,0.0,3,3,0
.familiapimentel,1731763836201109087,2026-06-17,99.9,0.0,1,1,0
.familiapimentel,1731763836201109087,2026-06-18,99.9,0.0,1,1,0
.familiapimentel,1731763836201109087,2026-06-19,99.9,0.0,1,1,0
.familiapimentel,1731763836201109087,2026-06-22,189.8,0.0,2,2,0
.familiapimentel,1731763836201109087,2026-06-23,299.7,7.99,3,3,0
.familiapimentel,1731763836201109087,2026-06-27,189.8,0.0,2,2,0
.familiapimentel,1731763836201109087,2026-06-28,259.89,20.79,2,2,0
.familiapimentel,1732620602328647263,2026-06-28,99.9,7.99,1,1,0
.familiapimentel,1731763836201109087,2026-06-30,99.9,7.99,1,1,0
.familiapimentel,1731763836201109087,2026-07-02,198.8,0.0,2,2,0
.familiapimentel,1731763836201109087,2026-07-03,198.8,0.0,2,2,0
.familiapimentel,1731763836201109087,2026-07-04,397.6,15.9,4,4,0
.familiapimentel,1731763836201109087,2026-07-05,198.8,0.0,2,2,0
_milenecarvalho,1732956787016435295,2026-06-29,139.9,11.19,1,1,0
_veridiana.ferreira,1732620602328647263,2026-06-18,199.8,15.98,2,1,0
a.fla.loira,1731763836201109087,2026-06-29,79.9,6.39,1,1,0
abenoada.tiktok.s,1731763836201109087,2026-06-13,79.9,6.39,1,1,0
achadinhos.danahh1,1731763836201109087,2026-06-30,99.9,7.99,1,1,0
achadinhos.lau1,1731763836201109087,2026-06-21,99.9,7.99,1,1,0
achadinhosdathati,1731763836201109087,2026-06-15,99.9,7.99,1,1,0
achadinhostts1,1733491089938155103,2026-06-27,109.9,8.79,1,1,0
achadinhostts1,1733491089938155103,2026-06-28,99.9,7.99,1,1,0
achadosdakaren,1733690547643385439,2026-06-16,89.9,7.19,1,1,0
acheidamilla.3,1731763836201109087,2026-07-03,99.9,8.99,1,1,0
adv.dayane,1731763836201109087,2026-06-01,1937.8,232.58,22,21,0
adv.dayane,1733355336293385823,2026-06-01,473.6,42.6,8,5,0
adv.dayane,1733356031574312543,2026-06-01,59.2,7.1,1,1,0
adv.dayane,1735220480519472735,2026-06-01,89.9,10.79,1,1,1
adv.dayane,1732620602328647263,2026-06-01,239.7,28.77,3,3,1
adv.dayane,1734202787355592287,2026-06-01,59.95,7.19,1,1,0
adv.dayane,1734190087073400415,2026-06-01,59.95,0.0,1,1,0
adv.dayane,1731763836201109087,2026-06-02,264.7,31.77,3,3,0
adv.dayane,1732670078583801439,2026-06-02,89.99,10.8,1,1,0
adv.dayane,1731763836201109087,2026-06-03,779.1,93.51,9,8,0
adv.dayane,1734202787355592287,2026-06-03,139.85,16.78,2,2,0
adv.dayane,1734713315420767839,2026-06-03,99.9,11.99,1,1,0
adv.dayane,1734190087073400415,2026-06-03,59.95,7.19,1,1,1
adv.dayane,1735220480519472735,2026-06-03,99.9,11.99,1,1,1
adv.dayane,1732620602328647263,2026-06-04,79.9,9.59,1,1,0
adv.dayane,1734190087073400415,2026-06-04,59.95,7.19,1,1,0
adv.dayane,1731763836201109087,2026-06-04,289.7,34.77,3,3,0
adv.dayane,1734314781918922335,2026-06-04,109.9,13.19,1,1,0
adv.dayane,1731763836201109087,2026-06-05,89.9,10.79,1,1,0
adv.dayane,1734202787355592287,2026-06-05,179.85,21.57,3,2,0
adv.dayane,1731763836201109087,2026-06-07,249.7,29.97,3,3,1
adv.dayane,1732620602328647263,2026-06-07,99.9,11.99,1,1,0
adv.dayane,1731763836201109087,2026-06-08,1982.6,237.96,24,23,1
adv.dayane,1732620602328647263,2026-06-08,79.9,9.59,1,1,0
adv.dayane,1735220491823449695,2026-06-08,739.2,77.93,8,7,0
adv.dayane,1733355336293385823,2026-06-08,236.8,28.4,4,4,0
adv.dayane,1734713315420767839,2026-06-08,189.8,22.78,2,2,1
adv.dayane,1734314781918922335,2026-06-08,94.9,11.39,1,1,0
adv.dayane,1733690547643385439,2026-06-08,289.7,34.77,3,3,1
adv.dayane,1733356031574312543,2026-06-08,59.2,7.1,1,1,0
adv.dayane,1734202787355592287,2026-06-08,159.8,19.18,2,2,1
adv.dayane,1734190087073400415,2026-06-08,59.95,7.19,1,1,0
adv.dayane,1732620602328647263,2026-06-09,79.9,9.59,1,1,0
adv.dayane,1731763836201109087,2026-06-09,1158.6,139.06,14,14,1
adv.dayane,1735220491823449695,2026-06-09,719.2,86.32,8,8,0
adv.dayane,1733356031574312543,2026-06-09,177.6,21.3,3,3,0
adv.dayane,1734190087073400415,2026-06-09,119.9,14.38,2,1,0
adv.dayane,1735489968984131167,2026-06-09,169.9,20.39,1,1,0
adv.dayane,1735220480519472735,2026-06-09,89.9,10.79,1,1,0
adv.dayane,1733355336293385823,2026-06-09,198.3,23.79,3,3,0
adv.dayane,1731763836201109087,2026-06-10,719.1,86.31,9,9,1
adv.dayane,1735220491823449695,2026-06-10,269.7,32.37,3,3,0
adv.dayane,1734202787355592287,2026-06-10,1138.95,127.03,18,14,2
adv.dayane,1734190087073400415,2026-06-10,699.2,83.88,12,7,0
adv.dayane,1735220491823449695,2026-06-11,289.7,34.77,3,3,0
adv.dayane,1734202787355592287,2026-06-11,59.95,7.19,1,1,0
adv.dayane,1734190087073400415,2026-06-11,179.7,21.57,3,2,1
adv.dayane,1731763836201109087,2026-06-11,94.9,11.39,1,1,0
adv.dayane,1733356031574312543,2026-06-11,59.2,7.1,1,1,0
adv.dayane,1735220480519472735,2026-06-11,179.8,21.58,2,1,0
adv.dayane,1731763836201109087,2026-06-12,1678.28,201.43,19,19,1
adv.dayane,1735220491823449695,2026-06-12,2087.7,250.57,23,23,3
adv.dayane,1735220480519472735,2026-06-12,269.7,32.37,3,3,0
adv.dayane,1733355336293385823,2026-06-12,59.2,7.1,1,1,0
adv.dayane,1732670078583801439,2026-06-12,179.98,21.6,2,2,0
adv.dayane,1734202787355592287,2026-06-12,399.6,40.75,6,5,0
adv.dayane,1733690547643385439,2026-06-12,89.9,10.79,1,1,0
adv.dayane,1731763836201109087,2026-06-13,1173.7,140.87,13,11,0
adv.dayane,1735220491823449695,2026-06-13,379.6,45.56,4,4,0
adv.dayane,1733355336293385823,2026-06-13,59.2,7.1,1,1,1
adv.dayane,1733356031574312543,2026-06-13,79.9,9.59,1,1,0
adv.dayane,1735220491823449695,2026-06-14,89.9,10.79,1,1,0
adv.dayane,1731763836201109087,2026-06-14,99.9,11.99,1,1,0
adv.dayane,1734202787355592287,2026-06-14,159.8,19.18,2,1,0
adv.dayane,1734713315420767839,2026-06-15,94.9,11.39,1,1,0
adv.dayane,1734202787355592287,2026-06-15,79.9,9.59,1,1,0
adv.dayane,1731763836201109087,2026-06-15,99.9,11.99,1,1,0
adv.dayane,1735220491823449695,2026-06-16,1228.6,147.46,14,14,2
adv.dayane,1731763836201109087,2026-06-16,319.6,38.36,4,4,1
adv.dayane,1734202787355592287,2026-06-16,59.95,7.19,1,1,0
adv.dayane,1733355336293385823,2026-06-16,79.9,9.59,1,1,0
adv.dayane,1735220480519472735,2026-06-16,89.9,0.0,1,1,0
adv.dayane,1735220491823449695,2026-06-17,289.7,34.77,3,3,0
adv.dayane,1731763836201109087,2026-06-17,239.7,28.77,3,3,0
adv.dayane,1732620602328647263,2026-06-17,99.9,11.99,1,1,0
adv.dayane,1731763836201109087,2026-06-18,399.5,47.95,5,4,0
adv.dayane,1735220491823449695,2026-06-18,199.8,23.98,2,2,1
adv.dayane,1731763836201109087,2026-06-19,79.9,9.59,1,1,0
adv.dayane,1731763836201109087,2026-06-20,219.8,26.38,2,2,0
adv.dayane,1735220491823449695,2026-06-20,89.9,10.79,1,1,0
adv.dayane,1731763836201109087,2026-06-21,2177.3,261.33,27,27,2
adv.dayane,1735220491823449695,2026-06-21,339.6,40.76,4,4,0
adv.dayane,1732620602328647263,2026-06-21,159.8,19.18,2,2,0
adv.dayane,1735220480519472735,2026-06-21,179.8,21.58,2,2,0
adv.dayane,1734426660402398815,2026-06-21,59.76,7.17,1,1,0
adv.dayane,1734202787355592287,2026-06-21,59.95,7.19,1,1,0
adv.dayane,1731763836201109087,2026-06-22,1118.6,134.26,14,11,0
adv.dayane,1733355336293385823,2026-06-22,118.4,14.2,2,2,0
adv.dayane,1734202787355592287,2026-06-22,1019.15,122.23,17,15,0
adv.dayane,1732620602328647263,2026-06-22,79.9,9.59,1,1,0
adv.dayane,1734190087073400415,2026-06-22,299.75,35.95,5,5,0
adv.dayane,1735220491823449695,2026-06-22,89.9,10.79,1,1,0
adv.dayane,1735220491823449695,2026-06-23,369.6,44.36,4,4,0
adv.dayane,1734202787355592287,2026-06-23,139.85,16.78,2,2,0
adv.dayane,1731763836201109087,2026-06-23,159.8,19.18,2,2,0
adv.dayane,1732670078583801439,2026-06-23,94.9,11.39,1,1,0
adv.dayane,1734190087073400415,2026-06-23,59.95,7.19,1,1,0
adv.dayane,1733284887218390623,2026-06-23,88.74,10.64,2,1,0
adv.dayane,1735220491823449695,2026-06-24,1258.6,140.27,14,14,0
adv.dayane,1733284887218390623,2026-06-24,133.11,15.96,3,1,0
adv.dayane,1734202787355592287,2026-06-24,59.95,7.19,1,1,0
adv.dayane,1731763836201109087,2026-06-24,159.8,19.18,2,2,0
adv.dayane,1734202787355592287,2026-06-25,199.8,23.97,3,3,0
adv.dayane,1735220491823449695,2026-06-25,289.7,34.77,3,3,0
adv.dayane,1734713315420767839,2026-06-28,94.9,11.39,1,1,0
adv.dayane,1731763836201109087,2026-06-28,79.9,9.59,1,1,0
adv.dayane,1731763836201109087,2026-06-30,28713.28,3428.92,400,384,0
adv.dayane,1735220480519472735,2026-06-30,1637.13,196.48,20,20,0
adv.dayane,1735220491823449695,2026-06-30,6604.78,783.1,79,76,0
adv.dayane,1732956787016435295,2026-06-30,1359.0,163.1,10,10,0
adv.dayane,1734713315420767839,2026-06-30,474.5,56.95,5,5,0
adv.dayane,1734385284273899103,2026-06-30,299.0,35.9,5,2,0
adv.dayane,1736116118473770591,2026-06-30,229.7,24.12,3,3,0
adv.dayane,1734638981592876639,2026-06-30,119.52,14.34,2,2,0
adv.dayane,1733690547643385439,2026-06-30,89.9,10.79,1,1,0
adv.dayane,1734202787355592287,2026-06-30,199.8,23.97,3,3,0
adv.dayane,1733356031574312543,2026-06-30,59.2,7.1,1,1,0
adv.dayane,1732620602328647263,2026-06-30,79.9,9.59,1,1,0
adv.dayane,1733356031574312543,2026-07-01,59.2,7.1,1,1,0
adv.dayane,1733284887218390623,2026-07-01,44.37,5.32,1,1,0
adv.dayane,1735220491823449695,2026-07-01,159.8,19.18,2,2,0
adv.dayane,1733537963414488671,2026-07-01,94.9,11.39,1,1,0
adv.dayane,1731763836201109087,2026-07-01,249.7,29.97,3,3,0
adv.dayane,1734202787355592287,2026-07-01,79.9,9.59,1,1,0
adv.dayane,1732620602328647263,2026-07-02,79.9,9.59,1,1,0
adv.dayane,1734713315420767839,2026-07-04,109.4,13.13,1,1,0
adv.dayane,1731763836201109087,2026-07-04,79.9,9.59,1,1,0
adv.dayane,1733355336293385823,2026-07-04,79.4,9.53,1,1,0
adv.dayane,1734202787355592287,2026-07-05,79.4,9.53,1,1,0
afrannaves,1731763836201109087,2026-06-03,89.9,7.19,1,1,0
alessandraandrad938,1734314781918922335,2026-06-03,109.9,8.79,1,1,0
aline.rudnick,1731763836201109087,2026-06-04,89.9,7.19,1,1,0
aline.rudnick,1731763836201109087,2026-06-06,89.9,7.19,1,1,0
aline.rudnick,1731763836201109087,2026-06-30,109.9,8.79,1,1,0
aline.rudnick,1731763836201109087,2026-07-05,159.8,14.38,2,1,0
alinecavanellas,1735220480519472735,2026-06-01,389.6,10.79,4,4,0
alinecavanellas,1731763836201109087,2026-06-01,179.8,21.58,2,2,0
alinecavanellas,1733538126820050527,2026-06-01,219.8,10.99,2,2,0
alinecavanellas,1734314781918922335,2026-06-01,109.9,0.0,1,1,0
alinecavanellas,1735220491823449695,2026-06-01,219.8,0.0,2,2,0
alinecavanellas,1731763836201109087,2026-06-02,449.5,21.58,5,5,0
alinecavanellas,1731763836201109087,2026-06-03,1008.9,10.79,11,10,2
alinecavanellas,1735220480519472735,2026-06-03,299.7,11.99,3,3,0
alinecavanellas,1735220491823449695,2026-06-03,109.9,13.19,1,1,0
alinecavanellas,1734314781918922335,2026-06-04,329.7,10.99,3,3,0
alinecavanellas,1731763836201109087,2026-06-04,1078.8,32.37,12,12,1
alinecavanellas,1735220480519472735,2026-06-04,499.5,11.99,5,5,0
alinecavanellas,1733538126820050527,2026-06-04,109.9,10.99,1,1,0
alinecavanellas,1735220480519472735,2026-06-05,399.6,47.96,4,4,0
alinecavanellas,1731763836201109087,2026-06-05,629.3,0.0,7,7,0
alinecavanellas,1734314781918922335,2026-06-05,329.7,0.0,3,3,0
alinecavanellas,1735220480519472735,2026-06-06,299.7,11.99,3,3,0
alinecavanellas,1731763836201109087,2026-06-06,359.6,32.37,4,4,0
alinecavanellas,1733537963414488671,2026-06-06,109.9,10.99,1,1,0
alinecavanellas,1731763836201109087,2026-06-07,829.1,56.35,9,8,0
alinecavanellas,1735220480519472735,2026-06-07,499.5,23.98,5,5,0
alinecavanellas,1733537963414488671,2026-06-07,219.8,21.98,2,2,0
alinecavanellas,1731763836201109087,2026-06-08,1078.8,43.16,12,12,0
alinecavanellas,1735220480519472735,2026-06-08,499.5,23.98,5,5,1
alinecavanellas,1733537963414488671,2026-06-08,109.9,10.99,1,1,0
alinecavanellas,1735220480519472735,2026-06-09,699.3,23.98,7,7,0
alinecavanellas,1731763836201109087,2026-06-09,1188.7,64.74,13,13,1
alinecavanellas,1734314781918922335,2026-06-09,94.9,9.49,1,1,0
alinecavanellas,1731763836201109087,2026-06-10,1438.4,86.32,16,16,1
alinecavanellas,1735220480519472735,2026-06-10,499.5,0.0,5,5,0
alinecavanellas,1733690547643385439,2026-06-10,219.8,21.98,2,2,0
alinecavanellas,1733537963414488671,2026-06-10,219.8,21.98,2,2,1
alinecavanellas,1734314781918922335,2026-06-10,109.9,10.99,1,1,0
alinecavanellas,1731763836201109087,2026-06-11,1078.8,21.58,12,12,0
alinecavanellas,1735220491823449695,2026-06-11,109.9,13.19,1,1,0
alinecavanellas,1735220480519472735,2026-06-11,599.4,11.99,6,6,0
alinecavanellas,1733538126820050527,2026-06-11,109.9,10.99,1,1,0
alinecavanellas,1731763836201109087,2026-06-12,899.0,43.16,10,10,0
alinecavanellas,1733537963414488671,2026-06-12,109.9,10.99,1,1,0
alinecavanellas,1735220480519472735,2026-06-12,599.4,23.98,6,6,0
alinecavanellas,1733690547643385439,2026-06-12,109.9,10.99,1,1,0
alinecavanellas,1735220480519472735,2026-06-13,399.6,0.0,4,4,0
alinecavanellas,1731763836201109087,2026-06-13,429.69,40.78,4,4,0
alinecavanellas,1731763836201109087,2026-06-14,199.8,23.98,2,2,0
alinecavanellas,1735220491823449695,2026-06-14,109.9,13.19,1,1,0
alinecavanellas,1735220480519472735,2026-06-14,399.6,0.0,4,4,0
alinecavanellas,1731763836201109087,2026-06-15,289.7,23.98,3,3,0
alinecavanellas,1733491008023201375,2026-06-15,189.99,22.8,1,1,0
alinecavanellas,1735220480519472735,2026-06-15,389.6,11.99,4,4,0
alinecavanellas,1733690547643385439,2026-06-15,309.7,0.0,3,3,0
alinecavanellas,1733537963414488671,2026-06-16,109.9,10.99,1,1,0
alinecavanellas,1735220480519472735,2026-06-16,299.7,0.0,3,3,0
alinecavanellas,1731763836201109087,2026-06-16,659.49,31.19,6,6,0
alinecavanellas,1733690547643385439,2026-06-16,109.9,10.99,1,1,0
alinecavanellas,1735220480519472735,2026-06-17,179.8,10.79,2,2,1
alinecavanellas,1731763836201109087,2026-06-17,99.9,0.0,1,1,0
alinecavanellas,1731763836201109087,2026-06-18,359.79,0.0,3,3,0
alinecavanellas,1735220491823449695,2026-06-18,109.9,13.19,1,1,0
alinecavanellas,1735220480519472735,2026-06-19,599.4,23.98,6,6,1
alinecavanellas,1731763836201109087,2026-06-19,499.5,23.98,5,5,0
alinecavanellas,1733538126820050527,2026-06-19,109.9,10.99,1,1,0
alinecavanellas,1735220491823449695,2026-06-19,109.9,13.19,1,1,0
alinecavanellas,1731763836201109087,2026-06-20,199.8,11.99,2,2,0
alinecavanellas,1735220480519472735,2026-06-21,199.8,0.0,2,2,0
alinecavanellas,1733491008023201375,2026-06-21,189.99,22.8,1,1,0
alinecavanellas,1731763836201109087,2026-06-21,299.7,11.99,3,3,0
alinecavanellas,1733538126820050527,2026-06-21,109.9,0.0,1,1,0
alinecavanellas,1731763836201109087,2026-06-22,199.8,0.0,2,2,0
alinecavanellas,1735220480519472735,2026-06-22,89.9,0.0,1,1,0
alinecavanellas,1731763836201109087,2026-06-23,199.8,0.0,2,2,0
alinecavanellas,1733537963414488671,2026-06-23,109.9,10.99,1,1,0
alinecavanellas,1735220480519472735,2026-06-23,389.6,11.99,4,4,0
alinecavanellas,1735220491823449695,2026-06-23,99.9,11.99,1,1,0
alinecavanellas,1733538126820050527,2026-06-24,109.9,10.99,1,1,0
alinecavanellas,1735220480519472735,2026-06-24,99.9,0.0,1,1,0
alinecavanellas,1731763836201109087,2026-06-24,99.9,0.0,1,1,0
alinecavanellas,1735220491823449695,2026-06-24,109.9,13.19,1,1,1
alinecavanellas,1731763836201109087,2026-06-25,189.8,11.99,2,2,0
alinecavanellas,1735220480519472735,2026-06-25,99.9,11.99,1,1,0
alinecavanellas,1733538126820050527,2026-06-25,99.9,9.99,1,1,0
alinecavanellas,1731763836201109087,2026-06-26,499.5,35.97,5,5,0
alinecavanellas,1733538126820050527,2026-06-26,219.8,21.98,2,2,0
alinecavanellas,1735220480519472735,2026-06-26,199.8,11.99,2,2,0
alinecavanellas,1731763836201109087,2026-06-27,489.5,23.98,5,5,0
alinecavanellas,1733538126820050527,2026-06-27,109.9,10.99,1,1,0
alinecavanellas,1735220491823449695,2026-06-27,104.4,12.53,1,1,0
alinecavanellas,1735220480519472735,2026-06-27,89.9,10.79,1,1,0
alinecavanellas,1735220480519472735,2026-06-28,99.9,11.99,1,1,0
alinecavanellas,1731763836201109087,2026-06-28,99.9,0.0,1,1,0
alinecavanellas,1735220491823449695,2026-06-28,109.9,13.19,1,1,0
alinecavanellas,1735220491823449695,2026-06-29,99.9,11.99,1,1,0
alinecavanellas,1735220480519472735,2026-06-29,199.8,23.98,2,2,0
alinecavanellas,1735220480519472735,2026-06-30,289.7,22.78,3,3,0
alinecavanellas,1731763836201109087,2026-06-30,499.5,47.96,5,5,0
alinecavanellas,1733538126820050527,2026-06-30,109.9,10.99,1,1,0
alinecavanellas,1733537963414488671,2026-06-30,109.9,10.99,1,1,0
alinecavanellas,1731763836201109087,2026-07-01,299.7,11.99,3,3,0
alinecavanellas,1735220480519472735,2026-07-01,279.7,10.79,3,3,0
alinecavanellas,1733538126820050527,2026-07-01,219.8,21.98,2,2,0
alinecavanellas,1735220480519472735,2026-07-02,279.7,22.78,3,3,0
alinecavanellas,1731763836201109087,2026-07-02,199.8,11.99,2,2,0
alinecavanellas,1731763836201109087,2026-07-03,507.0,35.79,5,4,0
alinecavanellas,1735220480519472735,2026-07-03,99.9,11.99,1,1,0
alinecavanellas,1735220480519472735,2026-07-04,389.6,46.76,4,4,0
alinecavanellas,1735220491823449695,2026-07-04,208.8,25.06,2,2,0
alinecavanellas,1733537963414488671,2026-07-04,104.4,10.44,1,1,0
alinecavanellas,1733491008023201375,2026-07-04,189.99,22.8,1,1,0
alinecavanellas,1731763836201109087,2026-07-04,198.8,0.0,2,2,0
alinecavanellas,1731763836201109087,2026-07-05,89.4,10.73,1,1,0
alinecavanellas,1735220491823449695,2026-07-05,313.2,37.59,3,3,0
alinecavanellas,1735220480519472735,2026-07-05,589.4,34.77,6,6,0
alinecavanellas,1735220491823449695,2026-07-06,208.8,25.06,2,2,0
alinecavanellas,1731763836201109087,2026-07-06,99.4,11.93,1,1,0
allynegomes.dicas,1731763836201109087,2026-06-16,99.9,7.99,1,1,0
amandaa_beatrizzp,1735220480519472735,2026-07-04,99.9,7.99,1,1,0
amandadjehdian,1731763836201109087,2026-07-04,2176.9,261.29,31,31,0
amandadjehdian,1732620602328647263,2026-07-04,159.8,19.18,2,2,0
amandadjehdian,1731763836201109087,2026-07-05,6416.1,761.72,89,82,0
amandadjehdian,1732956787016435295,2026-07-05,125.9,15.11,1,1,0
amandaorbite,1732956787016435295,2026-06-17,149.9,11.99,1,1,0
amandap.cunha,1731763836201109087,2026-06-17,99.9,7.99,1,1,0
amandawenzel_,1731763836201109087,2026-06-02,199.8,15.98,2,1,0
amariliacard,1731763836201109087,2026-06-04,179.8,14.38,2,1,1
amariliacard,1732620602328647263,2026-06-08,99.9,7.99,1,1,0
amarlive26,1731763836201109087,2026-06-17,99.9,0.0,1,1,0
ana.fernnandes,1733491008023201375,2026-06-19,189.99,15.2,1,1,0
anapaulamarcelinoshop,1731763836201109087,2026-06-16,479.4,38.34,6,6,0
anapaulamarcelinoshop,1731763836201109087,2026-06-17,519.4,41.54,6,6,0
anapaulamarcelinoshop,1731763836201109087,2026-06-18,239.7,19.17,3,3,0
anapaulamarcelinoshop,1733355336293385823,2026-06-30,79.9,6.39,1,1,0
anarjeffery,1731763836201109087,2026-06-28,399.6,31.96,4,4,0
andrea.hortaaa,1731763836201109087,2026-06-10,89.9,7.19,1,1,0
anydamas30,1731763836201109087,2026-06-26,99.9,7.99,1,1,0
arenatajardim,1731763836201109087,2026-06-01,379.6,7.19,4,4,0
arenatajardim,1731763836201109087,2026-06-02,489.5,15.98,5,5,0
arenatajardim,1731763836201109087,2026-06-03,269.7,14.38,3,3,0
arenatajardim,1731763836201109087,2026-06-04,359.6,28.76,4,4,2
arenatajardim,1731763836201109087,2026-06-05,89.9,7.19,1,1,0
arenatajardim,1731763836201109087,2026-06-06,179.8,14.38,2,2,0
arenatajardim,1731763836201109087,2026-06-07,269.7,14.38,3,2,0
arenatajardim,1731763836201109087,2026-06-08,179.8,14.38,2,2,1
arenatajardim,1731763836201109087,2026-06-09,359.6,7.19,4,4,0
arenatajardim,1731763836201109087,2026-06-10,179.8,14.38,2,2,0
arenatajardim,1731763836201109087,2026-06-11,89.9,7.19,1,1,0
arenatajardim,1731763836201109087,2026-06-12,179.8,0.0,2,2,1
arenatajardim,1731763836201109087,2026-06-13,449.5,21.57,5,5,0
arenatajardim,1731763836201109087,2026-06-14,99.9,0.0,1,1,0
arenatajardim,1731763836201109087,2026-06-16,309.7,7.99,3,3,0
arenatajardim,1731763836201109087,2026-06-18,199.8,15.98,2,2,0
arenatajardim,1731763836201109087,2026-06-20,99.9,7.99,1,1,0
arenatajardim,1731763836201109087,2026-06-21,199.8,7.99,2,2,0
arenatajardim,1731763836201109087,2026-06-22,249.89,19.99,2,1,0
arenatajardim,1731763836201109087,2026-06-23,99.9,0.0,1,1,0
arenatajardim,1731763836201109087,2026-06-24,199.8,0.0,2,2,0
arenatajardim,1731763836201109087,2026-06-27,99.9,0.0,1,1,0
arenatajardim,1731763836201109087,2026-06-28,99.9,7.99,1,1,0
arenatajardim,1731763836201109087,2026-06-30,199.8,7.99,2,2,0
arenatajardim,1731763836201109087,2026-07-02,99.4,7.95,1,1,0
arenatajardim,1731763836201109087,2026-07-04,99.4,7.95,1,1,0
athaisfavero,1731763836201109087,2026-06-02,89.9,7.19,1,1,0
ayasmingonzalez,1731763836201109087,2026-06-16,99.9,7.99,1,1,0
ayasmingonzalez,1731763836201109087,2026-06-22,99.9,7.99,1,1,1
ayasmingonzalez,1731763836201109087,2026-06-26,99.9,7.99,1,1,0
ba.nasc_,1731763836201109087,2026-07-02,1198.5,107.85,15,15,0
ba.nasc_,1731763836201109087,2026-07-03,898.4,80.85,11,10,0
ba.nasc_,1731763836201109087,2026-07-04,2741.1,246.67,34,31,0
ba.nasc_,1735220480519472735,2026-07-04,89.9,7.19,1,1,0
ba.nasc_,1731763836201109087,2026-07-05,3220.5,289.81,40,36,0
bellafonse,1733537963414488671,2026-06-10,109.9,8.79,1,1,0
bellafonse,1733537963414488671,2026-06-24,109.9,8.79,1,1,0
bellafonse,1733537963414488671,2026-07-02,104.4,8.35,1,1,0
bemestarcriscastro,1731763836201109087,2026-07-02,99.4,8.95,1,1,0
bialuzzmodas,1731763836201109087,2026-06-09,179.8,14.38,2,1,0
bialuzzmodas,1731763836201109087,2026-06-11,89.9,7.19,1,1,0
bialuzzmodas,1731763836201109087,2026-06-16,99.9,7.99,1,1,0
bialuzzmodas,1731763836201109087,2026-07-05,99.4,0.0,1,1,0
bianccapessoa,1734202787355592287,2026-06-12,79.9,0.0,1,1,0
bianccapessoa,1734202787355592287,2026-06-13,79.9,6.39,1,1,0
bianccapessoa,1734202787355592287,2026-06-14,79.9,0.0,1,1,0
bianccapessoa,1734202787355592287,2026-06-15,239.7,12.78,3,2,0
bianccapessoa,1734202787355592287,2026-06-16,59.95,0.0,1,1,0
bianccapessoa,1734202787355592287,2026-06-17,79.9,6.39,1,1,0
bianccapessoa,1734202787355592287,2026-06-18,79.9,6.39,1,1,0
bianccapessoa,1734202787355592287,2026-06-21,79.9,6.39,1,1,0
biiatiktokshope,1731763836201109087,2026-06-20,99.9,7.99,1,1,0
brunasilvaindica,1731763836201109087,2026-06-04,89.9,7.19,1,1,0
brunasilvaindica,1731763836201109087,2026-07-03,99.4,8.95,1,1,0
brunasilvaindica,1731763836201109087,2026-07-04,99.4,8.95,1,1,0
bynickys,1731763836201109087,2026-07-05,99.4,4.47,1,1,0
cacauabraao,1731763836201109087,2026-06-01,89.9,7.19,1,1,0
camillatibes,1731763836201109087,2026-06-24,109.9,8.79,1,1,0
carinevgarcia,1733538126820050527,2026-07-01,109.9,8.79,1,1,0
carlainspire,1732620602328647263,2026-06-06,99.9,7.99,1,1,1
caroleziquiel,1731763836201109087,2026-06-09,89.9,7.19,1,1,0
caroleziquiel,1731763836201109087,2026-06-15,99.9,7.99,1,1,0
carolrossoni,1731763836201109087,2026-06-15,99.9,7.99,1,1,0
carolrossoni,1731763836201109087,2026-06-20,99.9,7.99,1,1,0
casaltiktokcreator02,1731763836201109087,2026-07-03,99.4,8.95,1,1,0
chaianecarneiro5,1735220491823449695,2026-06-04,109.9,8.79,1,1,0
cintia.thies,1731763836201109087,2026-06-04,89.9,7.19,1,1,0
cintia.thies,1731763836201109087,2026-06-12,89.9,7.19,1,1,0
cintia.thies,1731763836201109087,2026-06-16,99.9,0.0,1,1,1
cintia.thies,1731763836201109087,2026-06-17,99.9,0.0,1,1,1
cintia.thies,1731763836201109087,2026-06-18,99.9,7.99,1,1,0
cintia.thies,1731763836201109087,2026-06-27,99.9,7.99,1,1,0
cintia.thies,1731763836201109087,2026-07-04,198.8,15.9,2,2,0
cintia.thies,1731763836201109087,2026-07-06,99.4,7.95,1,1,0
cintiamarques320,1731763836201109087,2026-06-10,89.9,7.19,1,1,0
cleydelaurentinodasilva,1731763836201109087,2026-06-21,99.9,7.99,1,1,0
compreia,1731763836201109087,2026-06-05,89.9,7.19,1,1,1
compreia,1731763836201109087,2026-06-08,89.9,7.19,1,1,0
compreia,1731763836201109087,2026-06-11,89.9,7.19,1,1,0
compreia,1731763836201109087,2026-06-12,89.9,7.19,1,1,0
compreia,1731763836201109087,2026-06-30,99.9,7.99,1,1,0
compreia,1731763836201109087,2026-07-02,99.9,7.99,1,1,0
comprinhasdaphaty,1731763836201109087,2026-06-16,99.9,7.99,1,1,0
comprinhasdaphaty,1731763836201109087,2026-07-02,99.9,8.99,1,1,0
creatornataliamar,1734713315420767839,2026-06-11,99.9,11.99,1,1,0
creatornataliamar,1731763836201109087,2026-06-15,109.9,13.19,1,1,0
creatornataliamar,1734713315420767839,2026-06-17,109.9,13.19,1,1,0
creatornataliamar,1732620602328647263,2026-06-21,99.9,11.99,1,1,0
cristinabgondimm,1731763836201109087,2026-07-04,99.4,8.95,1,1,0
cristinacamposmi,1731763836201109087,2026-07-02,99.4,8.95,1,1,0
cybacosta,1731763836201109087,2026-06-29,99.9,7.99,1,1,0
daia.beleza_maquiagem,1733356031574312543,2026-06-26,79.9,6.39,1,1,0
daia.beleza_maquiagem,1733356031574312543,2026-06-30,79.9,6.39,1,1,0
daiane_ramox,1731763836201109087,2026-06-30,99.9,7.99,1,1,0
daily.beca,1731763836201109087,2026-06-03,89.9,7.19,1,1,0
daily.beca,1731763836201109087,2026-06-05,89.9,7.19,1,1,0
damirisfurtado0,1731763836201109087,2026-06-14,99.9,7.99,1,1,0
damirisfurtado0,1731763836201109087,2026-06-15,99.9,7.99,1,1,0
damirisfurtado0,1731763836201109087,2026-06-16,99.9,7.99,1,1,0
danielabuenoj,1731763836201109087,2026-06-15,99.9,7.99,1,1,0
danielle.soaressilva,1731763836201109087,2026-06-13,89.9,7.19,1,1,0
danielle.soaressilva,1731763836201109087,2026-06-16,199.8,0.0,2,2,0
danielle.soaressilva,1731763836201109087,2026-06-24,199.8,0.0,2,2,0
danielle.soaressilva,1731763836201109087,2026-07-02,188.8,0.0,2,2,0
danielle.soaressilva,1731763836201109087,2026-07-03,99.4,0.0,1,1,0
danielle.soaressilva,1731763836201109087,2026-07-04,99.4,0.0,1,1,0
danii.bombach,1731763836201109087,2026-06-20,99.9,7.99,1,1,0
danijeans,1731763836201109087,2026-06-07,89.9,7.19,1,1,0
danijeans,1732620602328647263,2026-06-08,99.9,7.99,1,1,0
danijeans,1732620602328647263,2026-06-16,99.9,7.99,1,1,0
danijeans,1732620602328647263,2026-06-18,99.9,7.99,1,1,0
danijeans,1731763836201109087,2026-06-27,99.9,7.99,1,1,0
deiaflauzino,1731763836201109087,2026-06-27,99.9,7.99,1,1,0
deiarealiza,1731763836201109087,2026-06-10,89.9,7.19,1,1,0
deliegalliani,1731763836201109087,2026-06-05,89.9,7.19,1,1,0
delsirenee,1731763836201109087,2026-06-04,89.9,0.0,1,1,0
descobertasdabhru,1732620602328647263,2026-06-03,99.9,7.99,1,1,0
diarioda_juu,1731763836201109087,2026-06-07,179.8,14.38,2,2,0
dicas.da_marcia,1731763836201109087,2026-06-12,89.9,7.19,1,1,0
dinhacampello,1731763836201109087,2026-07-02,99.4,8.95,1,1,0
dpaula57,1731763836201109087,2026-06-10,179.8,14.38,2,2,0
driisanttanna,1731763836201109087,2026-07-03,99.4,8.95,1,1,0
elaineccbueno,1731763836201109087,2026-06-05,89.9,7.19,1,1,0
elisaeduardas22,1733690547643385439,2026-06-10,109.9,8.79,1,1,0
emanuellecristinefavero,1733491008023201375,2026-07-02,189.99,15.2,1,1,0
ericamcabeluda,1731763836201109087,2026-06-01,179.8,10.79,2,2,1
ericamcabeluda,1733690547643385439,2026-06-01,109.9,13.19,1,1,0
ericamcabeluda,1731763836201109087,2026-06-02,988.9,32.37,11,11,0
ericamcabeluda,1731763836201109087,2026-06-03,988.9,64.74,11,11,0
ericamcabeluda,1731763836201109087,2026-06-04,719.2,43.16,8,8,0
ericamcabeluda,1731763836201109087,2026-06-05,629.3,53.95,7,7,0
ericamcabeluda,1731763836201109087,2026-06-06,269.7,21.58,3,3,1
ericamcabeluda,1734314781918922335,2026-06-06,109.9,13.19,1,1,0
ericamcabeluda,1731763836201109087,2026-06-07,1258.6,53.95,14,13,1
ericamcabeluda,1731763836201109087,2026-06-08,899.0,86.32,10,10,0
ericamcabeluda,1735220480519472735,2026-06-08,99.9,0.0,1,1,0
ericamcabeluda,1735220491823449695,2026-06-08,109.9,13.19,1,1,0
ericamcabeluda,1731763836201109087,2026-06-09,719.2,53.95,8,8,0
ericamcabeluda,1731763836201109087,2026-06-10,829.1,53.95,9,8,0
ericamcabeluda,1734314781918922335,2026-06-10,109.9,13.19,1,1,0
ericamcabeluda,1731763836201109087,2026-06-11,379.6,34.77,4,4,0
ericamcabeluda,1731763836201109087,2026-06-12,359.6,21.58,4,4,0
ericamcabeluda,1731763836201109087,2026-06-13,439.5,52.75,5,5,0
ericamcabeluda,1735220491823449695,2026-06-13,219.8,26.38,2,2,0
ericamcabeluda,1731763836201109087,2026-06-14,99.9,11.99,1,1,0
ericamcabeluda,1731763836201109087,2026-06-15,299.7,35.97,3,3,0
ericamcabeluda,1735220480519472735,2026-06-15,99.9,11.99,1,1,0
ericamcabeluda,1731763836201109087,2026-06-16,189.8,10.79,2,2,0
ericamcabeluda,1731763836201109087,2026-06-17,99.9,11.99,1,1,1
ericamcabeluda,1731763836201109087,2026-06-18,199.8,11.99,2,2,0
ericamcabeluda,1731763836201109087,2026-06-19,419.6,50.36,4,4,1
ericamcabeluda,1735220480519472735,2026-06-19,99.9,11.99,1,1,0
ericamcabeluda,1731763836201109087,2026-06-20,399.6,47.96,4,4,0
ericamcabeluda,1731763836201109087,2026-06-21,199.8,23.98,2,2,0
ericamcabeluda,1735220480519472735,2026-06-22,99.9,11.99,1,1,0
ericamcabeluda,1731763836201109087,2026-06-22,199.8,23.98,2,2,0
ericamcabeluda,1731763836201109087,2026-06-23,99.9,11.99,1,1,0
ericamcabeluda,1731763836201109087,2026-06-24,289.7,11.99,3,3,0
ericamcabeluda,1731763836201109087,2026-06-25,309.7,25.18,3,3,0
ericamcabeluda,1731763836201109087,2026-06-26,399.6,35.97,4,4,0
ericamcabeluda,1731763836201109087,2026-06-27,299.7,23.98,3,3,0
ericamcabeluda,1732620602328647263,2026-06-30,99.9,11.99,1,1,0
ericamcabeluda,1731763836201109087,2026-06-30,199.8,11.99,2,2,0
ericamcabeluda,1731763836201109087,2026-07-01,799.2,59.95,8,8,0
ericamcabeluda,1731763836201109087,2026-07-02,399.1,35.91,4,4,0
ericamcabeluda,1731763836201109087,2026-07-03,198.8,11.93,2,2,0
ericamcabeluda,1731763836201109087,2026-07-04,397.6,23.86,4,4,0
ericamcabeluda,1731763836201109087,2026-07-05,407.6,36.99,4,4,0
escuta.amiga,1731763836201109087,2026-06-01,89.9,7.19,1,1,0
escuta.amiga,1731763836201109087,2026-06-02,89.9,0.0,1,1,0
escuta.amiga,1731763836201109087,2026-06-03,359.6,7.19,4,4,0
escuta.amiga,1731763836201109087,2026-06-04,269.7,0.0,3,3,0
escuta.amiga,1731763836201109087,2026-06-05,89.9,7.19,1,1,0
escuta.amiga,1731763836201109087,2026-06-07,449.5,14.38,5,5,0
escuta.amiga,1731763836201109087,2026-06-08,629.3,7.19,7,7,0
escuta.amiga,1731763836201109087,2026-06-09,988.9,7.19,11,11,0
escuta.amiga,1731763836201109087,2026-06-10,539.4,7.19,6,6,0
escuta.amiga,1731763836201109087,2026-06-11,829.1,14.38,9,9,0
escuta.amiga,1731763836201109087,2026-06-12,719.2,14.38,8,8,0
escuta.amiga,1731763836201109087,2026-06-13,269.7,0.0,3,3,0
escuta.amiga,1731763836201109087,2026-06-14,99.9,7.99,1,1,0
escuta.amiga,1731763836201109087,2026-06-15,489.5,15.98,5,5,0
escuta.amiga,1731763836201109087,2026-06-16,699.3,23.97,7,7,1
escuta.amiga,1731763836201109087,2026-06-17,299.7,0.0,3,3,0
escuta.amiga,1731763836201109087,2026-06-18,499.5,15.98,5,5,1
escuta.amiga,1731763836201109087,2026-06-19,509.5,7.99,5,5,0
escuta.amiga,1731763836201109087,2026-06-20,499.5,23.97,5,5,0
escuta.amiga,1731763836201109087,2026-06-21,399.6,0.0,4,4,0
escuta.amiga,1731763836201109087,2026-06-22,99.9,7.99,1,1,0
escuta.amiga,1731763836201109087,2026-06-23,699.3,39.95,7,7,1
escuta.amiga,1731763836201109087,2026-06-24,599.4,7.99,6,6,0
escuta.amiga,1735220480519472735,2026-06-25,399.6,31.96,4,4,0
escuta.amiga,1735220480519472735,2026-06-26,99.9,0.0,1,1,0
escuta.amiga,1731763836201109087,2026-06-26,99.9,0.0,1,1,0
escuta.amiga,1731763836201109087,2026-06-27,489.5,7.99,5,5,0
escuta.amiga,1731763836201109087,2026-06-29,109.9,8.79,1,1,0
escuta.amiga,1731763836201109087,2026-06-30,159.99,0.0,1,1,0
escuta.amiga,1735220480519472735,2026-06-30,479.5,22.37,5,5,0
escuta.amiga,1731763836201109087,2026-07-01,599.4,7.99,6,6,0
escuta.amiga,1731763836201109087,2026-07-02,488.0,23.93,5,5,0
escuta.amiga,1731763836201109087,2026-07-03,795.2,31.8,8,8,0
escuta.amiga,1735220480519472735,2026-07-03,199.8,15.98,2,2,0
escuta.amiga,1731763836201109087,2026-07-04,566.9,6.39,6,6,0
escuta.amiga,1731763836201109087,2026-07-05,298.2,23.85,3,3,0
escuta.amiga,1735220480519472735,2026-07-05,99.9,0.0,1,1,0
essenciadani,1732620602328647263,2026-06-13,99.9,7.99,1,1,0
essenciadani,1731763836201109087,2026-06-18,99.9,7.99,1,1,0
essenciadani,1732620602328647263,2026-06-29,99.9,7.99,1,1,0
estilo.anashop,1735220480519472735,2026-06-26,99.9,7.99,1,1,0
estilo.anashop,1731763836201109087,2026-07-05,99.4,8.95,1,1,0
estilo.de.milhoes,1731763836201109087,2026-06-03,179.8,14.38,2,2,0
estilo.de.milhoes,1732620602328647263,2026-06-08,99.9,0.0,1,1,0
estilo.de.milhoes,1732620602328647263,2026-06-09,179.8,0.0,2,2,0
estilo.de.milhoes,1732620602328647263,2026-06-10,99.9,0.0,1,1,0
estilo.de.milhoes,1732620602328647263,2026-06-11,799.2,63.92,8,8,1
estilo.de.milhoes,1732620602328647263,2026-06-12,299.7,23.97,3,3,0
estilo.de.milhoes,1732620602328647263,2026-06-13,399.6,23.97,4,4,1
estilo.de.milhoes,1732620602328647263,2026-06-14,499.5,39.95,5,5,0
estilo.de.milhoes,1733690547643385439,2026-06-15,109.9,8.79,1,1,0
estilo.de.milhoes,1732620602328647263,2026-06-15,479.5,30.36,5,5,0
estilo.de.milhoes,1731763836201109087,2026-06-16,109.9,8.79,1,1,0
estilo.de.milhoes,1732620602328647263,2026-06-16,299.7,15.98,3,3,0
estilo.de.milhoes,1732620602328647263,2026-06-17,199.8,15.98,2,2,0
estilo.de.milhoes,1732620602328647263,2026-06-18,289.7,15.18,3,3,0
estilo.de.milhoes,1732620602328647263,2026-06-19,99.9,7.99,1,1,0
estilo.de.milhoes,1731763836201109087,2026-06-19,99.9,7.99,1,1,0
estilo.de.milhoes,1732620602328647263,2026-06-20,199.8,7.99,2,2,0
estilo.de.milhoes,1732620602328647263,2026-06-21,99.9,7.99,1,1,0
estilo.de.milhoes,1732620602328647263,2026-06-23,299.7,7.99,3,3,0
estilo.de.milhoes,1732620602328647263,2026-06-28,99.9,7.99,1,1,0
estilo.de.milhoes,1731763836201109087,2026-07-03,99.4,7.95,1,1,0
estilo.de.milhoes,1731763836201109087,2026-07-05,109.4,8.75,1,1,0
eu.lidiannemartins,1733690547643385439,2026-06-04,109.9,8.79,1,1,0
eu.lidiannemartins,1733690547643385439,2026-06-30,109.9,8.79,1,1,0
eurosaliafonseca,1731763836201109087,2026-06-06,109.9,8.79,1,1,0
eusou.amanu,1733690547643385439,2026-06-12,109.9,8.79,1,1,0
eutalitacarvalho,1731763836201109087,2026-06-28,109.9,8.79,1,1,0
euzenirainacio,1731763836201109087,2026-06-06,89.9,7.19,1,1,1
fabi.caldas5,1732620602328647263,2026-06-09,99.9,7.99,1,1,1
familialiu,1731763836201109087,2026-06-02,89.9,7.19,1,1,0
familialiu,1731763836201109087,2026-06-03,89.9,7.19,1,1,0
familialiu,1731763836201109087,2026-06-08,89.9,7.19,1,1,0
familialiu,1731763836201109087,2026-07-04,99.4,7.95,1,1,0
flahbuarque,1731763836201109087,2026-06-10,399.5,31.95,5,4,1
flaviabastos28,1731763836201109087,2026-06-03,99.9,7.99,1,1,0
flavinha.brand,1733537963414488671,2026-06-27,208.8,16.7,2,2,0
flavinha.brand,1733537963414488671,2026-06-30,109.9,8.79,1,1,0
francruz.26,1731763836201109087,2026-06-01,379.6,7.99,4,4,0
francruz.26,1731763836201109087,2026-06-02,89.9,7.19,1,1,0
francruz.26,1733690547643385439,2026-06-03,89.9,7.19,1,1,0
francruz.26,1735220480519472735,2026-06-03,99.9,7.99,1,1,0
francruz.26,1735220480519472735,2026-06-04,99.9,7.99,1,1,0
francruz.26,1731763836201109087,2026-06-05,179.8,14.38,2,2,0
francruz.26,1735220480519472735,2026-06-05,99.9,7.99,1,1,0
francruz.26,1731763836201109087,2026-06-06,89.9,7.19,1,1,0
francruz.26,1735220480519472735,2026-06-07,199.8,15.98,2,2,0
francruz.26,1731763836201109087,2026-06-07,89.9,7.19,1,1,0
francruz.26,1735220480519472735,2026-06-08,199.8,15.98,2,2,0
francruz.26,1731763836201109087,2026-06-08,89.9,7.19,1,1,0
francruz.26,1732620602328647263,2026-06-08,99.9,0.0,1,1,0
francruz.26,1735220480519472735,2026-06-09,99.9,7.99,1,1,1
francruz.26,1733690547643385439,2026-06-09,109.9,8.79,1,1,0
francruz.26,1732620602328647263,2026-06-10,99.9,0.0,1,1,0
francruz.26,1735220480519472735,2026-06-11,199.8,15.98,2,2,0
francruz.26,1735220480519472735,2026-06-12,99.9,7.99,1,1,0
francruz.26,1735220480519472735,2026-06-13,99.9,7.99,1,1,0
francruz.26,1732620602328647263,2026-06-13,99.9,7.99,1,1,0
francruz.26,1735220480519472735,2026-06-14,99.9,7.99,1,1,0
francruz.26,1733690547643385439,2026-06-15,99.9,7.99,1,1,0
francruz.26,1735220480519472735,2026-06-17,99.9,7.99,1,1,0
francruz.26,1732620602328647263,2026-06-17,99.9,7.99,1,1,0
francruz.26,1731763836201109087,2026-06-18,109.9,8.79,1,1,0
francruz.26,1735220480519472735,2026-06-19,299.7,23.97,3,3,0
francruz.26,1732620602328647263,2026-06-20,99.9,7.99,1,1,0
francruz.26,1735220480519472735,2026-06-21,99.9,7.99,1,1,0
francruz.26,1732620602328647263,2026-06-21,399.6,31.96,4,4,0
francruz.26,1735220480519472735,2026-06-22,399.6,23.97,4,4,0
francruz.26,1732620602328647263,2026-06-23,99.9,0.0,1,1,0
francruz.26,1735220480519472735,2026-06-24,99.9,0.0,1,1,0
francruz.26,1735220480519472735,2026-06-26,99.9,0.0,1,1,0
francruz.26,1735220480519472735,2026-06-27,89.9,7.19,1,1,0
francruz.26,1735220480519472735,2026-06-28,99.9,0.0,1,1,0
francruz.26,1731763836201109087,2026-06-29,99.9,7.99,1,1,0
francruz.26,1735220480519472735,2026-06-29,179.8,0.0,2,2,0
francruz.26,1735220480519472735,2026-06-30,99.9,0.0,1,1,0
francruz.26,1735220480519472735,2026-07-01,379.6,7.99,4,4,0
francruz.26,1731763836201109087,2026-07-01,99.9,7.99,1,1,0
francruz.26,1735220480519472735,2026-07-02,99.9,0.0,1,1,0
francruz.26,1735220480519472735,2026-07-03,489.5,15.98,5,5,0
francruz.26,1735220480519472735,2026-07-04,189.8,7.99,2,2,0
furlanvitoria,1731763836201109087,2026-06-07,89.9,7.19,1,1,0
furlanvitoria,1731763836201109087,2026-07-04,99.4,0.0,1,1,0
furlanvitoria,1731763836201109087,2026-07-05,109.4,0.0,1,1,0
gab_caroline,1731763836201109087,2026-06-01,99.9,7.99,1,1,0
gab_caroline,1731763836201109087,2026-06-07,89.9,7.19,1,1,0
gab_caroline,1731763836201109087,2026-06-17,99.9,0.0,1,1,0
gab_caroline,1731763836201109087,2026-06-28,99.9,7.99,1,1,0
gabbizie,1731763836201109087,2026-06-01,269.7,32.37,3,3,0
gabbizie,1731763836201109087,2026-06-02,89.9,10.79,1,1,0
gabbizie,1731763836201109087,2026-06-04,89.9,10.79,1,1,0
gabbizie,1731763836201109087,2026-06-06,179.8,21.58,2,2,1
gabbizie,1731763836201109087,2026-06-07,89.9,10.79,1,1,0
gabbizie,1731763836201109087,2026-06-08,179.8,21.58,2,2,0
gabbizie,1731763836201109087,2026-06-09,89.9,10.79,1,1,0
gabbizie,1731763836201109087,2026-06-10,89.9,10.79,1,1,0
gabbizie,1731763836201109087,2026-06-11,89.9,10.79,1,1,0
gabbizie,1731763836201109087,2026-06-14,199.8,23.98,2,2,0
gabbizie,1731763836201109087,2026-06-16,199.8,23.98,2,2,0
gabbizie,1731763836201109087,2026-06-18,99.9,11.99,1,1,0
gabbizie,1731763836201109087,2026-06-19,159.99,19.2,1,1,0
gabbizie,1731763836201109087,2026-06-20,99.9,11.99,1,1,0
gabbizie,1731763836201109087,2026-06-22,199.8,23.98,2,2,0
gabbizie,1731763836201109087,2026-06-24,99.9,0.0,1,1,0
gabbizie,1733491008023201375,2026-06-27,189.99,22.8,1,1,0
gabbizie,1731763836201109087,2026-06-28,99.9,11.99,1,1,0
gabbizie,1731763836201109087,2026-07-02,99.4,11.93,1,1,0
gabbizie,1733491008023201375,2026-07-04,189.99,22.8,1,1,0
gabspneri,1731763836201109087,2026-07-02,198.8,0.0,2,1,0
geicerenatabono,1731763836201109087,2026-06-09,79.9,6.39,1,1,0
geicerenatabono,1731763836201109087,2026-06-10,159.8,12.78,2,2,1
geicerenatabono,1731763836201109087,2026-07-04,189.3,17.04,2,1,0
gesycavardieribou,1735220480519472735,2026-06-26,99.9,7.99,1,1,0
giimaciel10,1733537963414488671,2026-06-03,109.9,8.79,1,1,0
gimonteiroshop,1733690547643385439,2026-06-07,109.9,8.79,1,1,0
gimonteiroshop,1731763836201109087,2026-06-20,99.9,7.99,1,1,0
giovannaklauck,1731763836201109087,2026-06-21,99.9,7.99,1,1,0
giseletiktokshop,1731763836201109087,2026-06-17,89.9,7.19,1,1,0
gisimonteiroshop,1731763836201109087,2026-06-03,89.9,7.19,1,1,0
gisimonteiroshop,1733690547643385439,2026-06-05,109.9,8.79,1,1,0
gisimonteiroshop,1732631840860243551,2026-06-05,99.9,7.99,1,1,0
gley.dicas,1733690547643385439,2026-06-11,109.9,8.79,1,1,0
gleycicunha0,1733690547643385439,2026-06-11,109.9,8.79,1,1,0
glowcomamari,1731763836201109087,2026-06-25,99.9,7.99,1,1,0
gomespaulinha1,1731763836201109087,2026-06-17,99.9,7.99,1,1,0
heyagatha62,1731763836201109087,2026-06-23,639.2,51.12,8,7,0
heyagatha62,1731763836201109087,2026-06-24,79.9,6.39,1,1,0
heyagatha62,1731763836201109087,2026-06-25,259.7,20.77,3,3,1
hitalasantiago,1731763836201109087,2026-06-05,89.9,8.99,1,1,0
identidade_oficial,1731763836201109087,2026-06-26,99.9,7.99,1,1,0
indicadosdaedi,1731763836201109087,2026-06-01,89.9,0.0,1,1,0
isa.seccato,1731763836201109087,2026-06-10,89.9,7.19,1,1,0
isabelezimbicki,1734638981592876639,2026-06-06,79.9,6.39,1,1,0
isistik,1732620602328647263,2026-06-29,99.9,7.99,1,1,0
janakarolinee,1731763836201109087,2026-06-07,89.9,7.19,1,1,0
jane.creator.shop,1731763836201109087,2026-06-04,89.9,7.19,1,1,0
jane.creator.shop,1731763836201109087,2026-06-17,99.9,7.99,1,1,0
jaqueachadinhos,1731763836201109087,2026-06-18,99.9,7.99,1,1,1
jaqueachadinhos,1731763836201109087,2026-06-19,99.9,7.99,1,1,0
jd_top_shop,1731763836201109087,2026-06-12,79.9,6.39,1,1,0
jehcreator,1731763836201109087,2026-06-12,89.9,7.19,1,1,0
jehfigueiredocreator,1731763836201109087,2026-06-03,89.9,7.19,1,1,0
jenifferpassos25,1731763836201109087,2026-06-18,79.9,6.39,1,1,0
jesialvescreator,1732620602328647263,2026-06-11,99.9,7.99,1,1,0
jesialvescreator,1732620602328647263,2026-06-13,99.9,7.99,1,1,0
jesialvescreator,1732620602328647263,2026-06-16,199.8,0.0,2,1,0
jessicamesant,1735220480519472735,2026-06-01,99.9,11.99,1,1,0
jessicamesant,1735220480519472735,2026-06-02,99.9,11.99,1,1,0
jessicamesant,1735220480519472735,2026-06-04,199.8,23.98,2,2,0
jessicamesant,1731763836201109087,2026-06-04,89.9,0.0,1,1,0
jessicamesant,1733690547643385439,2026-06-04,109.9,13.19,1,1,0
jessicamesant,1731763836201109087,2026-06-06,289.7,23.98,3,3,0
jessicamesant,1731763836201109087,2026-06-07,89.9,0.0,1,1,0
jessicamesant,1735220480519472735,2026-06-07,199.8,11.99,2,2,0
jessicamesant,1735220480519472735,2026-06-08,199.8,11.99,2,2,1
jessicamesant,1731763836201109087,2026-06-08,89.9,0.0,1,1,0
jessicamesant,1735220480519472735,2026-06-09,699.3,11.99,7,7,0
jessicamesant,1731763836201109087,2026-06-10,379.6,34.77,4,4,0
jessicamesant,1735220480519472735,2026-06-10,99.9,11.99,1,1,0
jessicamesant,1735220480519472735,2026-06-11,299.7,23.98,3,3,0
jessicamesant,1731763836201109087,2026-06-11,89.9,10.79,1,1,0
jessicamesant,1735220480519472735,2026-06-12,99.9,11.99,1,1,0
jessicamesant,1735220480519472735,2026-06-13,199.8,11.99,2,2,0
jessicamesant,1731763836201109087,2026-06-13,89.9,0.0,1,1,0
jessicamesant,1733491008023201375,2026-06-15,189.99,22.8,1,1,0
jessicamesant,1732620602328647263,2026-06-15,99.9,0.0,1,1,1
jessicamesant,1735220480519472735,2026-06-16,199.8,11.99,2,2,0
jessicamesant,1735220480519472735,2026-06-17,289.7,22.78,3,3,0
jessicamesant,1731763836201109087,2026-06-17,99.9,0.0,1,1,1
jessicamesant,1732620602328647263,2026-06-19,99.9,0.0,1,1,0
jessicamesant,1735220480519472735,2026-06-20,199.8,11.99,2,2,0
jessicamesant,1735220480519472735,2026-06-21,489.5,34.77,5,5,0
jessicamesant,1732620602328647263,2026-06-22,99.9,11.99,1,1,0
jessicamesant,1735220491823449695,2026-06-23,109.9,0.0,1,1,0
jessicamesant,1732670078583801439,2026-06-24,89.99,10.8,1,1,0
jessicamesant,1735220480519472735,2026-06-25,99.9,11.99,1,1,0
jessicamesant,1735220480519472735,2026-06-26,89.9,0.0,1,1,0
jessicamesant,1735220480519472735,2026-06-27,189.8,10.79,2,2,0
jessicamesant,1735220480519472735,2026-06-28,179.8,10.79,2,2,0
jessicamesant,1735220480519472735,2026-06-29,289.7,34.77,3,3,0
jessicamesant,1731763836201109087,2026-07-01,99.9,11.99,1,1,0
jessicamesant,1732620602328647263,2026-07-01,199.8,23.98,2,2,0
jessicamesant,1735220480519472735,2026-07-01,99.9,11.99,1,1,0
jessicamesant,1735220480519472735,2026-07-02,99.9,11.99,1,1,0
jessicamesant,1732956787016435295,2026-07-05,149.4,17.93,1,1,0
jessicap.braz,1731763836201109087,2026-06-07,89.9,7.19,1,1,0
jessicatanara1,1731763836201109087,2026-06-07,89.9,7.19,1,1,0
jhenniferlet,1731763836201109087,2026-06-05,89.9,7.19,1,1,0
jhenniferlet,1731763836201109087,2026-06-08,89.9,7.19,1,1,0
jhenniferlet,1731763836201109087,2026-06-21,99.9,7.99,1,1,0
jhenniferlet,1731763836201109087,2026-06-23,99.9,7.99,1,1,0
jo.tipss,1735220480519472735,2026-06-30,99.9,7.99,1,1,0
jo.tipss,1735220480519472735,2026-07-05,199.8,15.98,2,2,0
julabancashop,1731763836201109087,2026-07-02,99.4,8.95,1,1,0
karinaborbaa,1731763836201109087,2026-06-01,89.9,0.0,1,1,0
karinaoliveira_01,1731763836201109087,2026-07-05,198.8,17.9,2,2,0
keylasbraga,1733690547643385439,2026-06-02,109.9,0.0,1,1,0
keylasbraga,1733690547643385439,2026-06-04,219.8,0.0,2,2,0
keylasbraga,1733690547643385439,2026-06-06,109.9,8.79,1,1,0
keylasbraga,1733690547643385439,2026-06-12,109.9,8.79,1,1,0
keylasbraga,1733690547643385439,2026-06-14,659.4,0.0,6,6,0
keylasbraga,1733690547643385439,2026-06-15,329.7,17.58,3,3,0
keylasbraga,1731763836201109087,2026-06-15,99.9,7.99,1,1,0
keylasbraga,1733690547643385439,2026-06-17,109.9,8.79,1,1,1
keylasbraga,1733690547643385439,2026-06-22,109.9,8.79,1,1,0
laianenovaisss,1731763836201109087,2026-06-01,179.8,21.58,2,2,0
laianenovaisss,1731763836201109087,2026-06-02,899.0,75.53,10,9,0
laianenovaisss,1731763836201109087,2026-06-03,629.3,53.95,7,7,1
laianenovaisss,1731763836201109087,2026-06-04,289.7,13.19,3,3,0
laianenovaisss,1731763836201109087,2026-06-05,539.4,32.37,6,6,0
laianenovaisss,1734202787355592287,2026-06-05,79.9,9.59,1,1,0
laianenovaisss,1731763836201109087,2026-06-06,539.4,53.95,6,6,1
laianenovaisss,1731763836201109087,2026-06-07,899.0,43.16,10,10,0
laianenovaisss,1735220480519472735,2026-06-07,99.9,11.99,1,1,0
laianenovaisss,1731763836201109087,2026-06-08,899.0,43.16,10,10,0
laianenovaisss,1731763836201109087,2026-06-09,998.9,64.74,11,10,1
laianenovaisss,1733538126820050527,2026-06-09,109.9,13.19,1,1,0
laianenovaisss,1731763836201109087,2026-06-10,719.2,43.16,8,7,0
laianenovaisss,1731763836201109087,2026-06-11,649.3,43.16,7,7,0
laianenovaisss,1731763836201109087,2026-06-12,539.4,43.16,6,6,0
laianenovaisss,1731763836201109087,2026-06-13,179.8,21.58,2,2,0
laianenovaisss,1731763836201109087,2026-06-14,399.6,47.96,4,4,0
laianenovaisss,1731763836201109087,2026-06-15,299.7,11.99,3,2,0
laianenovaisss,1731763836201109087,2026-06-16,489.5,58.75,5,5,0
laianenovaisss,1731763836201109087,2026-06-17,299.7,11.99,3,3,0
laianenovaisss,1735220491823449695,2026-06-17,109.9,13.19,1,1,0
laianenovaisss,1731763836201109087,2026-06-18,599.4,47.96,6,5,0
laianenovaisss,1731763836201109087,2026-06-19,199.8,23.98,2,2,0
laianenovaisss,1731763836201109087,2026-06-20,199.8,23.98,2,2,0
laianenovaisss,1731763836201109087,2026-06-21,389.6,46.76,4,4,0
laianenovaisss,1731763836201109087,2026-06-22,199.8,23.98,2,2,0
laianenovaisss,1731763836201109087,2026-06-23,499.5,35.97,5,5,0
laianenovaisss,1731763836201109087,2026-06-24,299.7,23.98,3,3,0
laianenovaisss,1731763836201109087,2026-06-25,199.8,23.98,2,2,0
laianenovaisss,1731763836201109087,2026-06-27,99.9,11.99,1,1,1
laianenovaisss,1731763836201109087,2026-06-28,99.9,11.99,1,1,0
laianenovaisss,1731763836201109087,2026-06-29,199.8,23.98,2,1,0
laianenovaisss,1731763836201109087,2026-06-30,199.8,11.99,2,2,0
laianenovaisss,1731763836201109087,2026-07-01,199.8,11.99,2,2,0
laianenovaisss,1731763836201109087,2026-07-02,99.4,11.93,1,1,0
laianenovaisss,1731763836201109087,2026-07-03,99.4,0.0,1,1,0
laianenovaisss,1731763836201109087,2026-07-04,198.8,23.86,2,2,0
laianenovaisss,1731763836201109087,2026-07-05,99.4,11.93,1,1,0
laianenovaisss,1731763836201109087,2026-07-06,99.4,0.0,1,1,0
laisilverio,1731763836201109087,2026-06-12,219.8,17.58,2,2,0
laisilverio,1731763836201109087,2026-06-25,99.9,7.99,1,1,0
laisilverio,1731763836201109087,2026-07-02,99.4,7.95,1,1,0
laisilverio,1731763836201109087,2026-07-06,99.4,8.95,1,1,0
laizmacaneiro,1735220480519472735,2026-06-01,99.9,0.0,1,1,0
laizmacaneiro,1735220480519472735,2026-06-10,99.9,7.99,1,1,0
laizmacaneiro,1735220480519472735,2026-06-16,99.9,7.99,1,1,0
laizmacaneiro,1735220480519472735,2026-06-17,99.9,7.99,1,1,0
laizmacaneiro,1735220480519472735,2026-06-18,199.8,15.98,2,2,0
laizmacaneiro,1735220480519472735,2026-06-20,299.7,23.97,3,3,0
laizmacaneiro,1735220480519472735,2026-06-21,99.9,7.99,1,1,0
laizmacaneiro,1735220491823449695,2026-06-25,208.8,16.7,2,2,0
laizmacaneiro,1735220480519472735,2026-06-25,99.9,7.99,1,1,0
laizmacaneiro,1735220480519472735,2026-06-26,299.7,23.97,3,2,0
laizmacaneiro,1735220480519472735,2026-06-27,99.9,7.99,1,1,0
laizmacaneiro,1735220480519472735,2026-06-28,99.9,0.0,1,1,0
laizmacaneiro,1735220480519472735,2026-06-29,299.7,15.98,3,3,1
laizmacaneiro,1735220480519472735,2026-06-30,199.8,7.99,2,2,0
laizmacaneiro,1735220480519472735,2026-07-01,199.8,7.99,2,2,0
laizmacaneiro,1735220480519472735,2026-07-02,199.8,7.99,2,2,0
laizmacaneiro,1735220480519472735,2026-07-03,189.8,7.99,2,2,0
lamarebr,1732620602328647263,2026-06-25,89.9,3.6,1,1,0
laracruzbarroso,1735220491823449695,2026-06-30,109.9,8.79,1,1,0
laramartinellidaily,1731763836201109087,2026-06-13,109.9,8.79,1,1,0
lari.fitbeauty,1731763836201109087,2026-06-07,89.9,7.19,1,1,0
lari.quaresma,1731763836201109087,2026-06-02,89.9,7.19,1,1,0
lari.quaresma,1731763836201109087,2026-06-12,89.9,7.19,1,1,0
larissapachecoindica,1731763836201109087,2026-06-25,69.9,5.59,1,1,0
latavaresto,1731763836201109087,2026-06-14,99.9,7.99,1,1,0
leeleopoldino,1731763836201109087,2026-06-04,89.9,3.6,1,1,0
leobegnini,1731763836201109087,2026-06-04,89.9,7.19,1,1,0
leticiaalacerda,1731763836201109087,2026-07-05,99.4,0.0,1,1,0
leticiatsec,1733537963414488671,2026-06-01,329.7,26.37,3,3,0
leticiatsec,1733537963414488671,2026-06-03,109.9,8.79,1,1,0
leticiatsec,1733537963414488671,2026-06-04,109.9,8.79,1,1,0
leticiatsec,1733537963414488671,2026-06-09,109.9,8.79,1,1,0
leticiatsec,1731763836201109087,2026-06-09,109.9,8.79,1,1,0
leticiatsec,1731763836201109087,2026-06-10,89.9,7.19,1,1,0
leticiatsec,1733538126820050527,2026-06-10,109.9,8.79,1,1,0
leticiatsec,1733537963414488671,2026-06-11,109.9,8.79,1,1,0
leticiatsec,1733537963414488671,2026-06-14,109.9,8.79,1,1,0
leticiatsec,1733537963414488671,2026-06-15,109.9,8.79,1,1,0
leticiatsec,1733537963414488671,2026-06-16,109.9,8.79,1,1,0
leticiatsec,1733537963414488671,2026-06-21,109.9,8.79,1,1,0
leticiatsec,1733537963414488671,2026-06-23,109.9,8.79,1,1,0
leticiatsec,1733537963414488671,2026-06-27,104.4,8.35,1,1,0
leticiatsec,1733537963414488671,2026-06-28,219.8,17.58,2,2,0
leticiatsec,1733537963414488671,2026-06-29,109.9,8.79,1,1,0
leticiatsec,1733537963414488671,2026-07-01,214.3,17.14,2,2,0
leticiatsec,1733537963414488671,2026-07-02,208.8,16.7,2,2,0
lidikpf6,1731763836201109087,2026-06-01,89.9,7.19,1,1,0
lidikpf6,1731763836201109087,2026-06-03,179.8,14.38,2,2,0
lidikpf6,1731763836201109087,2026-06-04,179.8,14.38,2,2,0
lidikpf6,1731763836201109087,2026-06-05,269.7,21.57,3,3,0
lidikpf6,1731763836201109087,2026-06-06,89.9,7.19,1,1,0
lidikpf6,1731763836201109087,2026-06-07,179.8,14.38,2,2,1
lidikpf6,1731763836201109087,2026-06-09,89.9,7.19,1,1,0
lidikpf6,1731763836201109087,2026-06-11,89.9,0.0,1,1,1
lidikpf6,1731763836201109087,2026-06-15,99.9,7.99,1,1,0
lidikpf6,1731763836201109087,2026-06-25,99.9,7.99,1,1,0
liliane.martins.g,1731763836201109087,2026-06-11,89.9,7.19,1,1,0
loly.shop01,1735220480519472735,2026-06-18,99.9,7.99,1,1,0
louisecitou,1731763836201109087,2026-06-08,89.9,7.19,1,1,0
lucianajanuario_,1735220480519472735,2026-06-02,99.9,7.99,1,1,0
lucianajanuario_,1735493389326321247,2026-06-09,189.9,15.19,1,1,0
lucianajanuario_,1732620602328647263,2026-06-12,99.9,7.99,1,1,0
lucianalemesoficial,1731763836201109087,2026-06-03,89.9,7.19,1,1,0
lucianalemesoficial,1731763836201109087,2026-06-08,89.9,7.19,1,1,0
lucianalemesoficial,1731763836201109087,2026-06-10,109.9,8.79,1,1,0
lucianaprados84,1732620602328647263,2026-06-07,99.9,7.99,1,1,0
ludimilasantos170,1734385284273899103,2026-06-08,129.99,10.4,1,1,0
luhfujarra,1732620602328647263,2026-06-10,99.9,7.99,1,1,0
lulycastrolima,1731763836201109087,2026-07-03,188.8,17.0,2,2,0
lumenezes_indica,1731763836201109087,2026-06-01,179.8,0.0,2,1,0
maiconeandreia,1731763836201109087,2026-06-04,109.9,13.19,1,1,0
maiconeandreia,1734713315420767839,2026-06-09,99.9,11.99,1,1,0
maiconeandreia,1731763836201109087,2026-06-30,99.9,11.99,1,1,0
marcelafranciscato,1731763836201109087,2026-06-06,109.9,8.79,1,1,0
marcelafranciscato,1731763836201109087,2026-06-14,99.9,7.99,1,1,0
marcelagou_,1733690547643385439,2026-06-15,219.8,17.58,2,1,0
marcelagou_,1733690547643385439,2026-07-04,109.4,8.75,1,1,0
marcelo.o.oliveira,1731763836201109087,2026-06-04,89.9,7.19,1,1,0
marcelo.o.oliveira,1731763836201109087,2026-06-06,89.9,7.19,1,1,0
marcelo.o.oliveira,1731763836201109087,2026-06-07,89.9,7.19,1,1,0
marcelo.o.oliveira,1735220491823449695,2026-06-08,109.9,0.0,1,1,0
mariaaugustareiss,1731763836201109087,2026-06-01,89.9,7.19,1,1,0
mariaaugustareiss,1731763836201109087,2026-06-27,199.8,15.98,2,2,0
mariaaugustareiss,1731763836201109087,2026-06-28,99.9,7.99,1,1,0
mariaclaraprr0,1735220480519472735,2026-06-03,99.9,0.0,1,1,0
mariaclaraprr0,1735220480519472735,2026-06-13,99.9,7.99,1,1,0
marianagrabwski,1731763836201109087,2026-07-01,259.89,0.0,2,1,0
marianemiguel6,1731763836201109087,2026-06-09,89.9,7.19,1,1,0
maribertulino_,1731763836201109087,2026-06-04,89.9,7.19,1,1,0
maribertulino_,1731763836201109087,2026-06-08,89.9,7.19,1,1,0
mariellaindica,1734314781918922335,2026-06-10,109.9,8.79,1,1,0
mariellaindica,1732620602328647263,2026-06-11,99.9,7.99,1,1,0
mariellaindica,1732620602328647263,2026-06-17,99.9,7.99,1,1,0
mariellaindica,1734314781918922335,2026-06-18,109.9,8.79,1,1,0
marinatheesr,1731763836201109087,2026-06-08,89.9,7.19,1,1,0
marinatheesr,1731763836201109087,2026-06-25,99.9,7.99,1,1,0
maritips_,1731763836201109087,2026-06-02,89.9,7.19,1,1,0
maritips_,1731763836201109087,2026-06-04,89.9,7.19,1,1,0
maritips_,1731763836201109087,2026-06-05,89.9,7.19,1,1,0
maritips_,1731763836201109087,2026-06-06,89.9,7.19,1,1,0
maritips_,1731763836201109087,2026-06-07,89.9,7.19,1,1,0
maritips_,1731763836201109087,2026-06-12,89.9,7.19,1,1,0
maritips_,1731763836201109087,2026-06-27,259.89,20.79,2,1,0
maritips_,1731763836201109087,2026-07-01,99.9,7.99,1,1,0
maritips_,1731763836201109087,2026-07-03,99.4,7.95,1,1,0
mary.barbosa508,1731763836201109087,2026-06-03,109.9,8.79,1,1,0
matheusaps30112,1731763836201109087,2026-06-21,99.9,7.99,1,1,0
matheuslimashop,1731763836201109087,2026-06-08,179.8,0.0,2,2,0
matheuslimashop,1731763836201109087,2026-06-09,89.9,0.0,1,1,0
matheuslimashop,1731763836201109087,2026-06-11,89.9,7.19,1,1,0
matheuslimashop,1731763836201109087,2026-06-12,179.8,0.0,2,2,0
matheuslimashop,1731763836201109087,2026-06-15,199.8,0.0,2,1,0
maynaflordapele,1733690547643385439,2026-06-10,109.9,8.79,1,1,0
maynaflordapele,1731763836201109087,2026-06-19,99.9,7.99,1,1,0
meiree.laurentino,1731763836201109087,2026-06-04,179.8,14.38,2,2,1
meiree.laurentino,1731763836201109087,2026-06-07,89.9,7.19,1,1,0
meiree.laurentino,1731763836201109087,2026-06-09,89.9,7.19,1,1,0
meiree.laurentino,1731763836201109087,2026-06-10,89.9,7.19,1,1,0
meiree.laurentino,1731763836201109087,2026-06-11,89.9,7.19,1,1,0
mitemporim.creator,1732620602328647263,2026-06-17,99.9,7.99,1,1,0
monicakarine45,1731763836201109087,2026-06-24,99.9,7.99,1,1,0
monicakarine45,1731763836201109087,2026-07-03,99.4,7.95,1,1,0
monicamendes_85,1731763836201109087,2026-06-26,99.9,0.0,1,1,0
monicap.pereira,1733690547643385439,2026-06-01,109.9,8.79,1,1,0
monicap.pereira,1733690547643385439,2026-06-03,109.9,8.79,1,1,0
monicap.pereira,1733690547643385439,2026-06-12,109.9,0.0,1,1,0
monicap.pereira,1733690547643385439,2026-06-14,219.8,0.0,2,2,0
monicap.pereira,1733690547643385439,2026-06-17,109.9,0.0,1,1,0
monikindica,1731763836201109087,2026-06-08,89.9,7.19,1,1,0
moniquerecomenda1,1731763836201109087,2026-07-03,99.4,8.95,1,1,0
nanacasagrandi,1734190087073400415,2026-06-03,69.9,5.59,1,1,0
nanacasagrandi,1734190087073400415,2026-06-09,139.8,11.18,2,2,0
nanacasagrandi,1734190087073400415,2026-06-23,69.9,5.59,1,1,0
narasantosnunes,1731763836201109087,2026-06-02,89.9,7.19,1,1,0
nathalia.iatecola,1731763836201109087,2026-06-07,109.9,8.79,1,1,0
nati_sus,1733537963414488671,2026-06-01,109.9,13.19,1,1,0
nati_sus,1734202787355592287,2026-06-01,79.9,9.59,1,1,0
nati_sus,1733537963414488671,2026-06-03,109.9,13.19,1,1,0
nati_sus,1733537963414488671,2026-06-04,219.8,26.38,2,2,0
nati_sus,1733537963414488671,2026-06-06,219.8,26.38,2,2,0
nati_sus,1734190087073400415,2026-06-06,139.8,16.78,2,2,0
nati_sus,1733537963414488671,2026-06-08,109.9,13.19,1,1,0
nati_sus,1734202787355592287,2026-06-13,159.8,19.18,2,2,0
nati_sus,1734202787355592287,2026-06-14,319.6,38.36,4,4,0
nati_sus,1734202787355592287,2026-06-17,79.9,9.59,1,1,0
nati_sus,1733537963414488671,2026-06-20,109.9,13.19,1,1,0
nati_sus,1733537963414488671,2026-06-21,109.9,13.19,1,1,0
nati_sus,1733537963414488671,2026-06-23,99.9,11.99,1,1,0
nati_sus,1733537963414488671,2026-06-24,109.9,13.19,1,1,0
nati_sus,1733537963414488671,2026-06-26,104.4,12.53,1,1,0
nati_sus,1733537963414488671,2026-06-29,219.8,26.38,2,2,0
nati_sus,1733537963414488671,2026-06-30,109.9,13.19,1,1,0
nati_sus,1733537963414488671,2026-07-02,104.4,12.53,1,1,0
nati_sus,1733537963414488671,2026-07-04,104.4,12.53,1,1,0
nati_sus,1733537963414488671,2026-07-05,94.4,11.33,1,1,0
natmarquesvi,1734314781918922335,2026-06-01,219.8,0.0,2,2,1
natmarquesvi,1731763836201109087,2026-06-02,89.9,10.79,1,1,0
natmarquesvi,1733537963414488671,2026-06-02,109.9,13.19,1,1,1
natmarquesvi,1734314781918922335,2026-06-02,109.9,13.19,1,1,0
natmarquesvi,1731763836201109087,2026-06-03,259.7,31.17,3,3,0
natmarquesvi,1735220480519472735,2026-06-03,89.9,10.79,1,1,0
natmarquesvi,1734314781918922335,2026-06-03,219.8,13.19,2,2,1
natmarquesvi,1734314781918922335,2026-06-04,219.8,13.19,2,2,0
natmarquesvi,1731763836201109087,2026-06-04,259.7,31.17,3,3,0
natmarquesvi,1733537963414488671,2026-06-05,109.9,13.19,1,1,1
natmarquesvi,1731763836201109087,2026-06-05,174.8,20.98,2,2,1
natmarquesvi,1731763836201109087,2026-06-07,289.7,10.79,3,2,0
natmarquesvi,1731763836201109087,2026-06-09,79.9,9.59,1,1,0
natmarquesvi,1735220491823449695,2026-06-10,109.9,13.19,1,1,0
natmarquesvi,1734314781918922335,2026-06-10,109.9,13.19,1,1,0
natmarquesvi,1731763836201109087,2026-06-10,89.9,10.79,1,1,0
natmarquesvi,1731763836201109087,2026-06-11,89.9,0.0,1,1,0
natmarquesvi,1731763836201109087,2026-06-12,89.9,10.79,1,1,0
natmarquesvi,1731763836201109087,2026-06-13,179.8,21.58,2,2,0
natmarquesvi,1731763836201109087,2026-06-15,99.9,0.0,1,1,0
natmarquesvi,1734314781918922335,2026-06-17,99.9,11.99,1,1,0
natmarquesvi,1732620602328647263,2026-06-22,89.9,10.79,1,1,0
natmarquesvi,1733690547643385439,2026-06-29,104.66,12.56,1,1,0
natmarquesvi,1731763836201109087,2026-06-29,99.9,11.99,1,1,0
natmarquesvi,1731763836201109087,2026-07-02,99.4,7.95,1,1,0
nidiasantiago,1731763836201109087,2026-06-13,109.9,8.79,1,1,0
nubiarodrigues8,1731763836201109087,2026-06-14,199.8,15.98,2,2,0
numarchi,1731763836201109087,2026-06-01,279.7,10.79,3,3,0
numarchi,1731763836201109087,2026-06-02,719.2,75.53,8,8,0
numarchi,1733690547643385439,2026-06-02,109.9,13.19,1,1,0
numarchi,1732620602328647263,2026-06-02,199.8,23.98,2,2,0
numarchi,1731763836201109087,2026-06-03,739.2,53.95,8,8,1
numarchi,1734314781918922335,2026-06-03,329.7,39.57,3,3,0
numarchi,1734314781918922335,2026-06-04,219.8,13.19,2,2,0
numarchi,1731763836201109087,2026-06-04,379.6,21.58,4,4,0
numarchi,1731763836201109087,2026-06-05,899.0,53.95,10,10,0
numarchi,1732620602328647263,2026-06-05,99.9,11.99,1,1,0
numarchi,1733690547643385439,2026-06-05,109.9,13.19,1,1,0
numarchi,1734314781918922335,2026-06-06,109.9,13.19,1,1,0
numarchi,1734385284273899103,2026-06-06,259.98,31.2,2,2,0
numarchi,1731763836201109087,2026-06-07,809.1,32.37,9,6,1
numarchi,1731763836201109087,2026-06-08,649.3,34.77,7,7,0
numarchi,1734314781918922335,2026-06-08,219.8,26.38,2,2,1
numarchi,1734385284273899103,2026-06-08,129.99,15.6,1,1,0
numarchi,1731763836201109087,2026-06-09,629.3,21.58,7,7,1
numarchi,1734385284273899103,2026-06-09,129.99,15.6,1,1,0
numarchi,1731763836201109087,2026-06-10,449.5,32.37,5,5,0
numarchi,1733690547643385439,2026-06-10,109.9,13.19,1,1,0
numarchi,1731763836201109087,2026-06-11,539.4,32.37,6,6,0
numarchi,1732620602328647263,2026-06-11,99.9,11.99,1,1,0
numarchi,1731763836201109087,2026-06-12,449.5,10.79,5,5,0
numarchi,1731763836201109087,2026-06-13,809.1,75.53,9,7,0
numarchi,1732631840860243551,2026-06-13,99.9,11.99,1,1,0
numarchi,1731763836201109087,2026-06-14,199.8,11.99,2,2,0
numarchi,1731763836201109087,2026-06-15,199.8,23.98,2,2,0
numarchi,1731763836201109087,2026-06-16,499.5,35.97,5,5,0
numarchi,1731763836201109087,2026-06-17,199.8,11.99,2,2,0
numarchi,1732620602328647263,2026-06-17,99.9,11.99,1,1,0
numarchi,1733690547643385439,2026-06-17,109.9,13.19,1,1,0
numarchi,1732631840860243551,2026-06-17,99.9,11.99,1,1,0
numarchi,1731763836201109087,2026-06-18,199.8,0.0,2,2,0
numarchi,1734385284273899103,2026-06-18,129.99,15.6,1,1,0
numarchi,1731763836201109087,2026-06-19,199.8,11.99,2,2,0
numarchi,1734385284273899103,2026-06-19,129.99,15.6,1,1,0
numarchi,1731763836201109087,2026-06-20,99.9,0.0,1,1,0
numarchi,1732620602328647263,2026-06-21,199.8,11.99,2,2,0
numarchi,1731763836201109087,2026-06-21,199.8,23.98,2,2,0
numarchi,1733690547643385439,2026-06-21,109.9,13.19,1,1,0
numarchi,1731763836201109087,2026-06-22,299.7,11.99,3,3,0
numarchi,1734638981592876639,2026-06-24,79.9,9.59,1,1,0
numarchi,1731763836201109087,2026-06-26,689.3,35.97,7,7,0
numarchi,1731763836201109087,2026-06-27,99.9,0.0,1,1,0
numarchi,1734385284273899103,2026-06-30,129.99,15.6,1,1,0
numarchi,1731763836201109087,2026-07-01,599.4,23.98,6,6,0
numarchi,1731763836201109087,2026-07-02,308.2,23.86,3,3,0
numarchi,1734385284273899103,2026-07-02,78.75,9.45,1,1,0
numarchi,1731763836201109087,2026-07-03,198.8,11.93,2,2,0
numarchi,1731763836201109087,2026-07-04,477.5,45.38,5,5,0
numarchi,1732620602328647263,2026-07-04,99.9,11.99,1,1,0
numarchi,1731763836201109087,2026-07-05,298.2,23.86,3,3,0
numarchi,1734638981592876639,2026-07-05,79.4,9.53,1,1,0
numarchi,1734385284273899103,2026-07-05,78.75,9.45,1,1,0
numarchi,1734385284273899103,2026-07-06,78.75,9.45,1,1,0
oiariel,1733537963414488671,2026-06-02,219.8,17.58,2,2,0
oiariel,1733537963414488671,2026-06-03,219.8,17.58,2,2,0
pam.wk,1733690547643385439,2026-06-15,109.9,0.0,1,1,0
pati.vitrine,1731763836201109087,2026-06-14,299.7,23.97,3,1,3
pattylazzarotto,1735220480519472735,2026-06-01,99.9,0.0,1,1,0
pattylazzarotto,1731763836201109087,2026-06-01,89.9,10.79,1,1,0
pattylazzarotto,1731763836201109087,2026-06-02,359.6,0.0,4,4,0
pattylazzarotto,1735220480519472735,2026-06-02,99.9,11.99,1,1,0
pattylazzarotto,1731763836201109087,2026-06-03,539.4,43.16,6,6,0
pattylazzarotto,1731763836201109087,2026-06-04,629.3,21.58,7,7,2
pattylazzarotto,1735220480519472735,2026-06-04,99.9,0.0,1,1,1
pattylazzarotto,1731763836201109087,2026-06-05,269.7,32.37,3,3,0
pattylazzarotto,1735220480519472735,2026-06-05,99.9,0.0,1,1,0
pattylazzarotto,1731763836201109087,2026-06-06,199.8,23.98,2,2,0
pattylazzarotto,1731763836201109087,2026-06-07,449.5,43.16,5,5,0
pattylazzarotto,1731763836201109087,2026-06-08,449.5,10.79,5,5,0
pattylazzarotto,1732956787016435295,2026-06-08,149.9,17.99,1,1,0
pattylazzarotto,1731763836201109087,2026-06-09,988.9,21.58,11,11,0
pattylazzarotto,1735220480519472735,2026-06-09,199.8,0.0,2,2,0
pattylazzarotto,1733690547643385439,2026-06-10,109.9,13.19,1,1,0
pattylazzarotto,1731763836201109087,2026-06-10,809.1,43.16,9,7,0
pattylazzarotto,1731763836201109087,2026-06-11,539.4,21.58,6,6,1
pattylazzarotto,1731763836201109087,2026-06-12,809.1,64.74,9,8,0
pattylazzarotto,1735220480519472735,2026-06-12,99.9,11.99,1,1,0
pattylazzarotto,1731763836201109087,2026-06-13,609.49,51.57,6,6,1
pattylazzarotto,1731763836201109087,2026-06-14,99.9,11.99,1,1,1
pattylazzarotto,1733491089938155103,2026-06-15,109.9,13.19,1,1,0
pattylazzarotto,1734638981592876639,2026-06-15,79.9,9.59,1,1,0
pattylazzarotto,1731763836201109087,2026-06-15,399.6,47.96,4,4,1
pattylazzarotto,1731763836201109087,2026-06-16,389.6,0.0,4,4,0
pattylazzarotto,1731763836201109087,2026-06-17,199.8,0.0,2,2,0
pattylazzarotto,1733690547643385439,2026-06-17,109.9,0.0,1,1,1
pattylazzarotto,1731763836201109087,2026-06-18,99.9,11.99,1,1,1
pattylazzarotto,1731763836201109087,2026-06-19,99.9,11.99,1,1,0
pattylazzarotto,1731763836201109087,2026-06-20,99.9,0.0,1,1,0
pattylazzarotto,1733537963414488671,2026-06-21,109.9,13.19,1,1,0
pattylazzarotto,1731763836201109087,2026-06-21,199.8,11.99,2,2,0
pattylazzarotto,1735220480519472735,2026-06-21,99.9,11.99,1,1,0
pattylazzarotto,1731763836201109087,2026-06-22,99.9,0.0,1,1,0
pattylazzarotto,1731763836201109087,2026-06-23,99.9,11.99,1,1,0
pattylazzarotto,1731763836201109087,2026-06-24,499.5,11.99,5,5,0
pattylazzarotto,1731763836201109087,2026-06-25,189.8,11.99,2,2,0
pattylazzarotto,1731763836201109087,2026-06-26,399.6,23.98,4,4,0
pattylazzarotto,1731763836201109087,2026-06-27,399.6,35.97,4,4,0
pattylazzarotto,1731763836201109087,2026-06-28,399.6,23.98,4,4,0
pattylazzarotto,1731763836201109087,2026-06-29,199.8,23.98,2,1,0
pattylazzarotto,1731763836201109087,2026-06-30,99.9,0.0,1,1,0
pattylazzarotto,1734638981592876639,2026-07-01,79.9,9.59,1,1,0
pattylazzarotto,1731763836201109087,2026-07-01,299.7,23.98,3,3,0
pattylazzarotto,1731763836201109087,2026-07-02,508.0,11.93,5,4,0
pattylazzarotto,1731763836201109087,2026-07-03,298.2,23.86,3,3,0
pattylazzarotto,1731763836201109087,2026-07-04,397.6,11.93,4,4,0
pattylazzarotto,1731763836201109087,2026-07-05,487.0,11.93,5,5,0
paulasinelli,1731763836201109087,2026-06-03,219.8,17.58,2,2,1
petrianemoreira,1731763836201109087,2026-07-05,99.4,8.95,1,1,0
pobrepreemium,1731763836201109087,2026-06-06,79.9,6.39,1,1,0
pollyanna.andrade.s,1731763836201109087,2026-06-17,79.9,6.39,1,1,0
promodaamel,1731763836201109087,2026-06-30,99.9,7.99,1,1,0
psi.mirellarodrigues,1731763836201109087,2026-06-01,79.9,9.59,1,1,0
psi.mirellarodrigues,1731763836201109087,2026-06-05,79.9,9.59,1,1,0
psi.mirellarodrigues,1731763836201109087,2026-06-06,79.9,9.59,1,1,0
psi.mirellarodrigues,1733690547643385439,2026-06-13,109.9,13.19,1,1,0
quidottiana,1733537963414488671,2026-06-07,109.9,8.79,1,1,0
quidottiana,1733537963414488671,2026-06-26,100.77,8.06,1,1,0
rafaeleviviana,1731763836201109087,2026-06-20,99.9,7.99,1,1,0
rafaellaescorel,1731763836201109087,2026-06-01,99.9,7.99,1,1,1
rafaellaescorel,1731763836201109087,2026-06-05,109.9,0.0,1,1,0
rafaellaescorel,1731763836201109087,2026-06-06,89.9,7.19,1,1,0
rafaellaescorel,1731763836201109087,2026-06-07,109.9,0.0,1,1,0
rafaellaescorel,1731763836201109087,2026-06-08,89.9,7.19,1,1,0
raianaoikiacreatorshop,1731763836201109087,2026-06-04,89.9,7.19,1,1,0
realmente_thais,1731763836201109087,2026-06-07,109.9,8.79,1,1,0
renatamendes1506,1731763836201109087,2026-06-09,89.9,7.19,1,1,0
reventorim,1735220480519472735,2026-06-09,99.9,7.99,1,1,0
robertakguilherme,1733690547643385439,2026-06-05,109.9,8.79,1,1,0
robertavidareal7,1731763836201109087,2026-06-09,89.9,7.19,1,1,0
robertavidareal7,1731763836201109087,2026-06-11,79.9,6.39,1,1,0
robertavidareal7,1732620602328647263,2026-06-12,79.9,6.39,1,1,0
rosalles19,1731763836201109087,2026-06-17,99.9,7.99,1,1,0
rosalles19,1731763836201109087,2026-07-05,99.4,7.95,1,1,0
roseli_mariadesouza,1731763836201109087,2026-07-03,79.9,7.19,1,1,0
rosi_furlan,1731763836201109087,2026-06-03,89.9,7.19,1,1,0
rotinadacp,1735220480519472735,2026-06-17,99.9,7.99,1,1,0
sabrine.aranha,1731763836201109087,2026-06-06,89.9,7.19,1,1,0
sandragaya,1735220480519472735,2026-06-06,99.9,7.99,1,1,0
sandramaraalvesosti,1731763836201109087,2026-06-06,109.9,8.79,1,1,0
sandycrisugc,1734202787355592287,2026-06-19,319.6,25.56,4,3,0
shellesoares,1731763836201109087,2026-07-04,99.4,8.95,1,1,0
shop.achadinhosss,1731763836201109087,2026-06-11,89.9,7.19,1,1,0
shoptiktokcreator,1731763836201109087,2026-06-13,89.9,7.19,1,1,0
silsantiagotrc,1731763836201109087,2026-06-05,169.8,13.58,2,2,0
silsantiagotrc,1731763836201109087,2026-06-07,359.6,28.76,4,4,0
silsantiagotrc,1731763836201109087,2026-06-10,179.8,14.38,2,2,0
silsantiagotrc,1731763836201109087,2026-06-12,359.6,28.76,4,4,0
silsantiagotrc,1731763836201109087,2026-06-16,399.6,31.96,4,4,0
silsantiagotrc,1731763836201109087,2026-06-17,99.9,7.99,1,1,1
silsantiagotrc,1731763836201109087,2026-06-18,99.9,7.99,1,1,0
silsantiagotrc,1731763836201109087,2026-06-21,99.9,7.99,1,1,0
silsantiagotrc,1731763836201109087,2026-06-22,99.9,7.99,1,1,0
silsantiagotrc,1731763836201109087,2026-06-24,99.9,7.99,1,1,0
silsantiagotrc,1731763836201109087,2026-06-25,99.9,7.99,1,1,0
silsantiagotrc,1731763836201109087,2026-06-30,99.9,7.99,1,1,0
silsantiagotrc,1731763836201109087,2026-07-03,109.4,8.75,1,1,0
silsantiagotrc,1731763836201109087,2026-07-04,99.4,7.95,1,1,0
silsantiagotrc,1731763836201109087,2026-07-05,397.6,31.8,4,3,0
sobrevidadecasal,1733537963414488671,2026-06-04,109.9,8.79,1,1,0
sol_campos10,1732631840860243551,2026-06-23,99.9,7.99,1,1,0
someoneduda,1731763836201109087,2026-06-01,99.9,7.99,1,1,0
someoneduda,1731763836201109087,2026-06-02,179.8,14.38,2,2,0
someoneduda,1731763836201109087,2026-06-03,269.7,14.38,3,3,0
someoneduda,1731763836201109087,2026-06-04,539.4,28.76,6,6,0
someoneduda,1731763836201109087,2026-06-05,449.5,28.76,5,5,0
someoneduda,1731763836201109087,2026-06-06,359.6,14.38,4,4,0
someoneduda,1731763836201109087,2026-06-07,899.0,64.71,10,10,1
someoneduda,1731763836201109087,2026-06-08,269.7,7.19,3,3,1
someoneduda,1731763836201109087,2026-06-09,359.6,7.19,4,4,0
someoneduda,1731763836201109087,2026-06-10,629.3,14.38,7,7,2
someoneduda,1731763836201109087,2026-06-11,719.2,14.38,8,8,1
someoneduda,1731763836201109087,2026-06-12,89.9,0.0,1,1,0
someoneduda,1731763836201109087,2026-06-13,539.4,28.76,6,6,0
someoneduda,1731763836201109087,2026-06-14,199.8,15.98,2,2,0
someoneduda,1731763836201109087,2026-06-16,399.6,23.97,4,4,0
someoneduda,1731763836201109087,2026-06-17,299.7,9.99,3,3,0
someoneduda,1731763836201109087,2026-06-18,99.9,0.0,1,1,0
someoneduda,1731763836201109087,2026-06-19,209.8,10.99,2,2,0
someoneduda,1731763836201109087,2026-06-20,99.9,9.99,1,1,0
someoneduda,1731763836201109087,2026-06-21,299.7,9.99,3,3,0
someoneduda,1731763836201109087,2026-06-22,399.6,29.97,4,4,0
someoneduda,1731763836201109087,2026-06-23,99.9,0.0,1,1,0
someoneduda,1731763836201109087,2026-06-24,89.9,0.0,1,1,0
someoneduda,1731763836201109087,2026-06-26,299.7,9.99,3,3,0
someoneduda,1731763836201109087,2026-06-30,99.9,9.99,1,1,0
someoneduda,1731763836201109087,2026-07-01,299.7,19.98,3,3,0
someoneduda,1731763836201109087,2026-07-02,587.9,28.87,6,6,0
someoneduda,1731763836201109087,2026-07-03,298.2,19.88,3,3,0
someoneduda,1731763836201109087,2026-07-04,397.6,29.82,4,4,0
someoneduda,1731763836201109087,2026-07-05,298.2,19.88,3,3,0
sougabrielaneves,1731763836201109087,2026-06-05,89.9,7.19,1,1,0
sougabrielaneves,1731763836201109087,2026-06-08,89.9,7.19,1,1,0
stefaniemelo12,1731763836201109087,2026-06-02,89.9,7.19,1,1,0
suhtiktokshop,1731763836201109087,2026-06-07,89.9,0.0,1,1,0
suhtiktokshop,1731763836201109087,2026-06-11,89.9,7.19,1,1,1
suhtiktokshop,1731763836201109087,2026-06-19,209.8,0.0,2,1,0
suhtiktokshop,1731763836201109087,2026-06-20,99.9,0.0,1,1,0
suhtiktokshop,1731763836201109087,2026-06-29,2876.4,230.04,36,36,1
suhtiktokshop,1731763836201109087,2026-06-30,79.9,6.39,1,1,0
suhtiktokshop,1731763836201109087,2026-07-02,79.9,7.19,1,1,0
suhtiktokshop,1731763836201109087,2026-07-05,99.4,8.95,1,1,0
suzane.ganga,1731763836201109087,2026-06-15,879.1,7.99,9,9,0
suzane.ganga,1731763836201109087,2026-06-16,599.4,23.97,6,6,0
suzane.ganga,1731763836201109087,2026-06-21,199.8,0.0,2,2,0
suzane.ganga,1731763836201109087,2026-06-22,199.8,15.98,2,2,0
suzane.ganga,1731763836201109087,2026-06-24,99.9,0.0,1,1,0
suzane.ganga,1731763836201109087,2026-06-27,99.9,0.0,1,1,0
suzane.ganga,1731763836201109087,2026-06-29,99.9,7.99,1,1,0
suzane.ganga,1731763836201109087,2026-07-01,609.68,41.58,5,3,0
suzane.ganga,1731763836201109087,2026-07-02,198.8,0.0,2,2,0
suzane.ganga,1731763836201109087,2026-07-03,99.4,7.95,1,1,0
suzane.ganga,1731763836201109087,2026-07-04,198.8,7.15,2,2,0
tacianecreator,1731763836201109087,2026-06-01,944.0,66.54,10,10,0
tacianecreator,1732620602328647263,2026-06-01,179.8,21.58,2,2,0
tacianecreator,1734713315420767839,2026-06-01,109.9,13.19,1,1,0
tacianecreator,1731763836201109087,2026-06-02,7901.0,375.23,90,84,5
tacianecreator,1732620602328647263,2026-06-02,4794.0,575.4,60,60,6
tacianecreator,1733491008023201375,2026-06-02,94.9,11.39,1,1,1
tacianecreator,1734314781918922335,2026-06-02,109.9,13.19,1,1,0
tacianecreator,1733690547643385439,2026-06-02,269.7,32.37,3,3,1
tacianecreator,1734713315420767839,2026-06-02,94.9,11.39,1,1,0
tacianecreator,1735220480519472735,2026-06-02,89.9,10.79,1,1,0
tacianecreator,1731763836201109087,2026-06-03,4919.6,56.95,54,52,5
tacianecreator,1732620602328647263,2026-06-03,79.9,9.59,1,1,0
tacianecreator,1731763836201109087,2026-06-04,8280.8,190.62,92,88,9
tacianecreator,1732620602328647263,2026-06-04,399.5,47.95,5,5,1
tacianecreator,1734385284273899103,2026-06-04,119.6,14.36,2,2,0
tacianecreator,1731763836201109087,2026-06-05,8580.3,350.06,97,94,12
tacianecreator,1732620602328647263,2026-06-05,3795.3,431.55,47,46,2
tacianecreator,1733690547643385439,2026-06-05,489.5,58.75,5,5,0
tacianecreator,1734713315420767839,2026-06-05,189.8,22.78,2,1,0
tacianecreator,1735220480519472735,2026-06-05,89.9,10.79,1,1,1
tacianecreator,1734638981592876639,2026-06-05,59.76,7.17,1,1,1
tacianecreator,1733491008023201375,2026-06-06,94.9,11.39,1,1,0
tacianecreator,1731763836201109087,2026-06-06,3406.2,117.49,38,38,1
tacianecreator,1732620602328647263,2026-06-06,419.5,28.77,5,5,0
tacianecreator,1731763836201109087,2026-06-07,11027.8,171.44,122,118,7
tacianecreator,1732620602328647263,2026-06-07,79.9,9.59,1,1,0
tacianecreator,1733690547643385439,2026-06-07,109.9,13.19,1,1,0
tacianecreator,1735220480519472735,2026-06-07,99.9,0.0,1,1,0
tacianecreator,1734190087073400415,2026-06-08,69.9,8.39,1,1,0
tacianecreator,1731763836201109087,2026-06-08,8380.7,107.9,93,93,6
tacianecreator,1735220480519472735,2026-06-08,199.8,0.0,2,2,0
tacianecreator,1732620602328647263,2026-06-08,99.9,0.0,1,1,0
tacianecreator,1733690547643385439,2026-06-08,109.9,13.19,1,1,0
tacianecreator,1731763836201109087,2026-06-09,8400.7,107.88,93,93,5
tacianecreator,1732620602328647263,2026-06-09,279.7,27.97,3,3,0
tacianecreator,1731763836201109087,2026-06-10,11587.0,231.73,130,127,10
tacianecreator,1734190087073400415,2026-06-10,139.8,16.78,2,2,0
tacianecreator,1735220480519472735,2026-06-10,489.5,9.99,5,5,0
tacianecreator,1732620602328647263,2026-06-10,15280.9,1486.14,191,190,15
tacianecreator,1733690547643385439,2026-06-10,89.9,10.79,1,1,0
tacianecreator,1731763836201109087,2026-06-11,6762.5,116.87,75,73,3
tacianecreator,1732620602328647263,2026-06-11,299.7,29.97,3,3,0
tacianecreator,1735220480519472735,2026-06-11,99.9,0.0,1,1,0
tacianecreator,1731763836201109087,2026-06-12,5504.09,89.9,60,59,7
tacianecreator,1735220480519472735,2026-06-12,99.9,0.0,1,1,0
tacianecreator,1732620602328647263,2026-06-12,99.9,9.99,1,1,0
tacianecreator,1731763836201109087,2026-06-13,3845.89,62.93,42,42,2
tacianecreator,1732620602328647263,2026-06-13,299.7,29.97,3,2,0
tacianecreator,1735220480519472735,2026-06-13,199.8,0.0,2,2,0
tacianecreator,1732620602328647263,2026-06-14,659.3,65.93,7,7,0
tacianecreator,1731763836201109087,2026-06-14,1413.69,102.41,14,14,3
tacianecreator,1733690547643385439,2026-06-14,109.9,13.19,1,1,0
tacianecreator,1732620602328647263,2026-06-15,739.2,64.93,8,8,0
tacianecreator,1731763836201109087,2026-06-15,1978.0,68.93,20,19,2
tacianecreator,1733355336293385823,2026-06-15,79.9,7.99,1,1,0
tacianecreator,1731763836201109087,2026-06-16,8151.29,245.71,88,84,8
tacianecreator,1732620602328647263,2026-06-16,2277.3,185.78,27,27,2
tacianecreator,1735220480519472735,2026-06-16,99.9,9.99,1,1,0
tacianecreator,1734713315420767839,2026-06-16,109.9,0.0,1,1,0
tacianecreator,1731763836201109087,2026-06-17,3426.69,128.87,34,33,3
tacianecreator,1734190087073400415,2026-06-17,139.8,16.78,2,1,0
tacianecreator,1732620602328647263,2026-06-17,1138.8,48.95,12,12,4
tacianecreator,1731763836201109087,2026-06-18,2947.19,58.94,29,29,2
tacianecreator,1732620602328647263,2026-06-18,699.3,9.99,7,7,0
tacianecreator,1734314781918922335,2026-06-18,109.9,10.99,1,1,0
tacianecreator,1731763836201109087,2026-06-19,2397.6,59.94,24,22,0
tacianecreator,1732620602328647263,2026-06-19,399.6,19.98,4,4,1
tacianecreator,1731763836201109087,2026-06-20,1888.1,79.92,19,18,3
tacianecreator,1732620602328647263,2026-06-20,399.6,29.97,4,4,0
tacianecreator,1732620602328647263,2026-06-21,679.3,29.97,7,7,1
tacianecreator,1731763836201109087,2026-06-21,1518.59,37.96,15,15,0
tacianecreator,1735220480519472735,2026-06-21,199.8,0.0,2,2,0
tacianecreator,1731763836201109087,2026-06-22,9967.8,735.09,122,113,1
tacianecreator,1735220480519472735,2026-06-22,279.7,17.98,3,3,0
tacianecreator,1732620602328647263,2026-06-22,349.6,26.97,4,4,0
tacianecreator,1734713315420767839,2026-06-22,84.9,8.49,1,1,0
tacianecreator,1732620602328647263,2026-06-23,479.5,9.99,5,5,0
tacianecreator,1735220480519472735,2026-06-23,479.5,28.97,5,5,1
tacianecreator,1731763836201109087,2026-06-23,7416.1,626.73,89,84,2
tacianecreator,1733690547643385439,2026-06-23,109.9,13.19,1,1,0
tacianecreator,1733491089938155103,2026-06-23,84.9,10.19,1,1,0
tacianecreator,1733537963414488671,2026-06-23,94.9,11.39,1,1,0
tacianecreator,1731763836201109087,2026-06-24,1968.0,47.95,20,20,0
tacianecreator,1735220480519472735,2026-06-24,99.9,9.99,1,1,0
tacianecreator,1732620602328647263,2026-06-24,89.9,8.99,1,1,0
tacianecreator,1731763836201109087,2026-06-25,28977.43,2458.29,392,350,11
tacianecreator,1732956787016435295,2026-06-25,2552.8,255.28,19,19,0
tacianecreator,1735220491823449695,2026-06-25,254.41,16.98,3,3,0
tacianecreator,1733355336293385823,2026-06-25,159.8,15.98,2,1,0
tacianecreator,1735220480519472735,2026-06-25,418.34,41.83,5,5,0
tacianecreator,1732620602328647263,2026-06-25,159.8,15.98,2,2,0
tacianecreator,1734713315420767839,2026-06-25,314.7,31.47,3,3,0
tacianecreator,1733538126820050527,2026-06-25,294.7,35.37,3,3,0
tacianecreator,1733908931607103071,2026-06-25,129.99,15.6,1,1,0
tacianecreator,1731763836201109087,2026-06-26,3466.39,85.91,37,36,0
tacianecreator,1732620602328647263,2026-06-26,196.26,19.63,2,2,0
tacianecreator,1735220480519472735,2026-06-26,89.9,8.99,1,1,0
tacianecreator,1734190087073400415,2026-06-26,69.9,8.39,1,1,0
tacianecreator,1731763836201109087,2026-06-27,3197.17,123.92,31,28,0
tacianecreator,1732620602328647263,2026-06-27,99.9,0.0,1,1,0
tacianecreator,1731763836201109087,2026-06-28,659.3,27.97,7,7,0
tacianecreator,1731763836201109087,2026-06-29,28774.6,2387.03,354,316,0
tacianecreator,1734426660402398815,2026-06-29,59.76,7.17,1,1,0
tacianecreator,1735220480519472735,2026-06-29,289.7,18.98,3,3,0
tacianecreator,1732620602328647263,2026-06-29,179.8,17.98,2,2,0
tacianecreator,1732956787016435295,2026-06-29,139.9,13.99,1,1,0
tacianecreator,1734713315420767839,2026-06-29,94.9,9.49,1,1,0
tacianecreator,1733690547643385439,2026-06-29,89.9,10.79,1,1,0
tacianecreator,1734638981592876639,2026-06-29,59.76,7.17,1,1,0
tacianecreator,1731763836201109087,2026-06-30,7830.6,639.22,94,81,0
tacianecreator,1732620602328647263,2026-06-30,199.8,19.98,2,2,0
tacianecreator,1735220480519472735,2026-06-30,189.8,8.99,2,2,0
tacianecreator,1731763836201109087,2026-07-01,4315.78,130.85,44,42,0
tacianecreator,1732620602328647263,2026-07-01,299.7,29.97,3,3,0
tacianecreator,1735220480519472735,2026-07-01,399.6,9.99,4,4,0
tacianecreator,1731763836201109087,2026-07-02,4572.2,118.67,48,47,0
tacianecreator,1731763836201109087,2026-07-03,6325.9,359.18,71,60,0
tacianecreator,1735220480519472735,2026-07-03,279.7,7.99,3,3,0
tacianecreator,1731763836201109087,2026-07-04,4247.1,160.23,44,36,0
tacianecreator,1735220480519472735,2026-07-04,99.9,9.99,1,1,0
tacianecreator,1731763836201109087,2026-07-05,2923.5,66.68,30,28,0
tacianecreator,1735220480519472735,2026-07-05,269.7,17.98,3,3,0
tacianecreator,1734202787355592287,2026-07-05,119.9,14.38,2,1,0
tacianecreator,1734190087073400415,2026-07-05,119.9,14.38,2,1,0
tacianecreator,1732620602328647263,2026-07-05,199.8,19.98,2,2,0
tacianecreator,1731763836201109087,2026-07-06,695.8,19.88,7,7,0
tacianecreator,1734713315420767839,2026-07-06,109.4,10.94,1,1,0
tainarasampaio0,1731763836201109087,2026-07-01,109.9,8.79,1,1,0
talissaaloreto,1731763836201109087,2026-06-07,89.9,7.19,1,1,1
taniaribeiro_creator,1731763836201109087,2026-06-02,89.9,7.19,1,1,0
tatianemoraes_makeup,1731763836201109087,2026-06-10,109.9,8.79,1,1,0
testae00,1731763836201109087,2026-06-18,109.9,0.0,1,1,0
thai.nogueira,1731763836201109087,2026-07-04,417.6,37.6,4,1,0
thainabeautyoficial,1731763836201109087,2026-06-01,409.6,49.16,4,3,1
thainabeautyoficial,1735220480519472735,2026-06-01,99.9,11.99,1,1,0
thainabeautyoficial,1731763836201109087,2026-06-02,179.8,10.79,2,2,0
thainabeautyoficial,1731763836201109087,2026-06-03,449.5,43.16,5,5,0
thainabeautyoficial,1731763836201109087,2026-06-04,179.8,21.58,2,2,0
thainabeautyoficial,1733537963414488671,2026-06-04,109.9,13.19,1,1,1
thainabeautyoficial,1731763836201109087,2026-06-05,269.7,32.37,3,3,0
thainabeautyoficial,1735220480519472735,2026-06-05,99.9,11.99,1,1,0
thainabeautyoficial,1731763836201109087,2026-06-06,359.6,21.58,4,4,0
thainabeautyoficial,1735220480519472735,2026-06-06,99.9,11.99,1,1,0
thainabeautyoficial,1734713315420767839,2026-06-07,99.9,11.99,1,1,0
thainabeautyoficial,1731763836201109087,2026-06-07,629.3,32.37,7,7,0
thainabeautyoficial,1731763836201109087,2026-06-08,449.5,32.37,5,5,1
thainabeautyoficial,1731763836201109087,2026-06-09,539.4,21.58,6,6,0
thainabeautyoficial,1731763836201109087,2026-06-10,449.5,43.16,5,5,0
thainabeautyoficial,1735220480519472735,2026-06-10,99.9,11.99,1,1,0
thainabeautyoficial,1734713315420767839,2026-06-10,99.9,11.99,1,1,0
thainabeautyoficial,1731763836201109087,2026-06-11,539.4,32.37,6,6,0
thainabeautyoficial,1731763836201109087,2026-06-12,809.1,32.37,9,9,0
thainabeautyoficial,1731763836201109087,2026-06-13,89.9,0.0,1,1,0
thainabeautyoficial,1731763836201109087,2026-06-14,99.9,0.0,1,1,0
thainabeautyoficial,1731763836201109087,2026-06-16,619.68,62.38,5,5,0
thainabeautyoficial,1731763836201109087,2026-06-17,299.7,23.98,3,3,0
thainabeautyoficial,1732620602328647263,2026-06-17,99.9,11.99,1,1,0
thainabeautyoficial,1734314781918922335,2026-06-17,99.9,11.99,1,1,0
thainabeautyoficial,1731763836201109087,2026-06-18,199.8,23.98,2,2,0
thainabeautyoficial,1735220491823449695,2026-06-19,109.9,0.0,1,1,0
thainabeautyoficial,1731763836201109087,2026-06-19,99.9,0.0,1,1,0
thainabeautyoficial,1731763836201109087,2026-06-20,199.8,11.99,2,2,0
thainabeautyoficial,1731763836201109087,2026-06-21,299.7,23.98,3,3,0
thainabeautyoficial,1731763836201109087,2026-06-22,299.7,11.99,3,3,0
thainabeautyoficial,1731763836201109087,2026-06-23,299.7,0.0,3,3,0
thainabeautyoficial,1731763836201109087,2026-06-24,299.7,11.99,3,3,0
thainabeautyoficial,1731763836201109087,2026-06-25,249.89,0.0,2,1,0
thainabeautyoficial,1731763836201109087,2026-06-26,99.9,11.99,1,1,0
thainabeautyoficial,1731763836201109087,2026-06-27,399.6,23.98,4,4,0
thainabeautyoficial,1731763836201109087,2026-06-28,99.9,0.0,1,1,0
thainabeautyoficial,1731763836201109087,2026-06-30,99.9,0.0,1,1,0
thainabeautyoficial,1735220491823449695,2026-06-30,109.9,13.19,1,1,0
thainabeautyoficial,1731763836201109087,2026-07-01,509.5,49.16,5,5,0
thainabeautyoficial,1731763836201109087,2026-07-02,489.0,11.99,5,5,0
thainabeautyoficial,1731763836201109087,2026-07-03,198.8,0.0,2,2,0
thainabeautyoficial,1731763836201109087,2026-07-04,387.6,35.79,4,4,0
thainabeautyoficial,1733537963414488671,2026-07-05,94.4,11.33,1,1,0
thainabeautyoficial,1731763836201109087,2026-07-05,198.8,11.93,2,2,0
thaise.suellen,1731763836201109087,2026-07-03,198.8,17.9,2,2,0
thaise.suellen,1731763836201109087,2026-07-05,159.8,14.38,2,1,0
thami.brambilla,1731763836201109087,2026-06-01,209.8,0.0,2,2,0
thami.brambilla,1735220480519472735,2026-06-02,299.7,0.0,3,3,0
thami.brambilla,1731763836201109087,2026-06-02,179.8,21.58,2,2,0
thami.brambilla,1731763836201109087,2026-06-03,469.5,32.37,5,5,0
thami.brambilla,1734190087073400415,2026-06-03,54.9,0.0,1,1,0
thami.brambilla,1735220480519472735,2026-06-04,99.9,0.0,1,1,0
thami.brambilla,1735220480519472735,2026-06-05,199.8,0.0,2,2,0
thami.brambilla,1731763836201109087,2026-06-05,179.8,21.58,2,2,0
thami.brambilla,1731763836201109087,2026-06-06,79.9,9.59,1,1,1
thami.brambilla,1735220480519472735,2026-06-07,199.8,0.0,2,2,0
thami.brambilla,1735220480519472735,2026-06-08,199.8,11.99,2,2,0
thami.brambilla,1735220480519472735,2026-06-09,799.2,23.98,8,8,0
thami.brambilla,1734190087073400415,2026-06-09,69.9,8.39,1,1,0
thami.brambilla,1731763836201109087,2026-06-09,89.9,10.79,1,1,0
thami.brambilla,1735220480519472735,2026-06-10,99.9,0.0,1,1,0
thami.brambilla,1735220480519472735,2026-06-11,99.9,0.0,1,1,0
thami.brambilla,1735220480519472735,2026-06-13,299.7,11.99,3,3,0
thami.brambilla,1735220480519472735,2026-06-14,399.6,23.98,4,4,0
thami.brambilla,1734202787355592287,2026-06-15,79.9,9.59,1,1,0
thami.brambilla,1735220480519472735,2026-06-15,99.9,0.0,1,1,0
thami.brambilla,1735220480519472735,2026-06-16,189.8,0.0,2,2,0
thami.brambilla,1731763836201109087,2026-06-16,99.9,11.99,1,1,1
thami.brambilla,1735220480519472735,2026-06-18,399.6,11.99,4,4,0
thami.brambilla,1735220480519472735,2026-06-19,399.6,11.99,4,4,0
thami.brambilla,1731763836201109087,2026-06-19,199.8,23.98,2,2,0
thami.brambilla,1735220480519472735,2026-06-21,89.9,0.0,1,1,0
thami.brambilla,1735220480519472735,2026-06-22,199.8,0.0,2,2,0
thami.brambilla,1735220480519472735,2026-06-23,289.7,22.78,3,3,0
thami.brambilla,1735220480519472735,2026-06-27,199.8,23.98,2,2,0
thami.brambilla,1731763836201109087,2026-06-27,99.9,11.99,1,1,0
thami.brambilla,1735220480519472735,2026-06-28,299.7,23.98,3,3,0
thami.brambilla,1735220480519472735,2026-06-29,99.9,11.99,1,1,0
thami.brambilla,1735220480519472735,2026-06-30,99.9,11.99,1,1,0
thami.brambilla,1735220491823449695,2026-07-04,104.4,12.53,1,1,0
thay.vargas05,1731763836201109087,2026-06-30,199.8,15.98,2,2,0
thay.vargas05,1731763836201109087,2026-07-01,299.7,23.97,3,2,0
tukaliveshop,1731763836201109087,2026-06-13,89.9,7.19,1,1,0
valeriaportovp,1733355336293385823,2026-06-04,79.9,6.39,1,1,0
valeriaportovp,1733355336293385823,2026-06-11,79.9,6.39,1,1,0
valeriaportovp,1733355336293385823,2026-06-14,79.9,6.39,1,1,0
valeriaportovp,1733355336293385823,2026-06-15,79.9,6.39,1,1,0
valeriaportovp,1733355336293385823,2026-06-28,59.9,4.79,1,1,0
valfreeitas,1731763836201109087,2026-06-09,89.9,7.19,1,1,0
valfreeitas,1731763836201109087,2026-06-20,99.9,7.99,1,1,0
vanessamaria05,1731763836201109087,2026-07-02,99.4,8.95,1,1,0
vanessarrferreiraa,1731763836201109087,2026-06-09,179.8,14.38,2,1,0
vivianalmeiida,1734713315420767839,2026-06-03,99.9,7.99,1,1,0
yas.alice,1732620602328647263,2026-06-13,99.9,7.99,1,1,0
yasmin.aoliveira,1734314781918922335,2026-06-01,219.8,17.58,2,2,0
yasmin.aoliveira,1733690547643385439,2026-06-04,109.9,8.79,1,1,0
yasmin.aoliveira,1731763836201109087,2026-06-05,89.9,7.19,1,1,0
yasmin.aoliveira,1733690547643385439,2026-06-06,109.9,8.79,1,1,0
yasmin.aoliveira,1731763836201109087,2026-06-07,89.9,0.0,1,1,0
yasmin.aoliveira,1731763836201109087,2026-06-08,269.7,0.0,3,3,2
yasmin.aoliveira,1731763836201109087,2026-06-09,89.9,0.0,1,1,0
yasmin.aoliveira,1733690547643385439,2026-06-14,109.9,8.79,1,1,1
yasmin.aoliveira,1733690547643385439,2026-06-15,99.9,7.99,1,1,0
yasmin.aoliveira,1734314781918922335,2026-06-15,109.9,8.79,1,1,0
yasmin.aoliveira,1731763836201109087,2026-07-02,99.4,7.95,1,1,0
